26115,1.5798,1.0792,2.7987,2.7451,1.3222,1.1461,0.0000,0.0000,0.0000,0.0000,0.0000,0.0000,0.0000,0.0000,0.0000,0.0000,0.0000,0.0000,0.0000,1.0414,0.0000,0.0000,0.0000,0.8451,0.0000,0.0000,0.0000,0.0000,0.0000,0.0000,0.0000,0.0000,0.4771,1.0000,1.0792,1.1761,0
62127,1.1461,0.3010,2.1367,2.6474,3.0755,2.8351,1.6902,1.6435,1.4771,0.7782,4.3023,0.7782,0.7782,4.0246,0.6990,0.6990,0.6990,1.7853,0.8451,2.4609,0.0000,1.7559,0.7782,2.2788,0.0000,0.6990,4.0246,0.6990,0.6990,0.0000,0.3010,0.6990,1.1761,1.5682,1.9085,2.0828,18
135033,0.6990,1.0792,2.7093,3.1086,1.8573,1.6902,0.6021,0.6021,0.6021,0.6021,3.3219,0.6021,0.6021,2.9533,0.6021,0.6021,0.6021,0.4771,0.0000,1.3010,0.0000,0.4771,0.0000,1.2041,0.0000,0.6021,2.9533,0.6021,0.6021,0.0000,0.3010,0.6021,1.1461,1.4914,1.7993,2.0934,3
135831,1.4314,0.9542,2.6160,3.3228,0.9031,0.9031,0.0000,0.0000,0.0000,0.0000,0.0000,0.0000,0.0000,0.0000,0.0000,0.0000,0.0000,0.0000,0.0000,0.0000,0.0000,0.0000,0.0000,0.0000,0.0000,0.0000,0.0000,0.0000,0.0000,0.0000,0.0000,0.0000,0.5224,0.8096,0.8306,0.9385,0
134391,1.5563,1.1461,1.9395,3.3141,3.1998,2.9930,1.3979,1.3979,1.3424,0.9542,4.0174,1.0000,0.9542,3.4852,0.6021,0.6021,0.6021,0.3010,0.4771,2.6222,0.0000,0.3010,0.4771,2.5092,0.0000,0.6021,3.4852,0.6021,0.6021,0.0000,0.0000,0.6021,1.5051,2.0828,2.4393,2.5502,34
140181,1.5185,1.0792,2.6263,3.1617,1.3861,1.2388,0.0000,0.0000,0.0000,0.0000,0.0000,0.0000,0.0000,0.0000,0.0000,0.0000,0.0000,0.0000,0.0000,0.5224,0.0000,0.0000,0.0000,0.5224,0.0000,0.0000,0.0000,0.0000,0.0000,0.0000,0.0000,0.0000,0.4983,0.4871,0.7050,1.1807,0
141207,1.2553,1.1139,2.3096,2.9248,2.9823,2.6551,1.3222,1.3010,1.2788,0.6021,4.1478,0.6021,0.6021,3.9580,0.6021,0.6021,0.6021,2.1644,0.6021,1.5682,0.4771,1.9294,0.6021,1.4150,0.4771,0.6021,3.9580,0.6021,0.6021,0.4771,0.4771,0.6021,0.8451,1.1461,1.7924,2.2742,19
137136,0.9031,1.1139,2.6243,3.2550,4.1503,3.9192,2.4654,2.4014,2.3324,1.7634,5.2575,1.7634,1.7076,4.8941,1.4624,1.4624,1.4472,2.2833,1.9590,3.1810,1.2304,2.1987,1.8692,3.0326,1.1761,1.4624,4.8941,1.4624,1.4472,0.6021,0.9031,1.4624,1.9777,2.6010,2.9243,3.0382,87
142104,1.5185,1.0792,2.6263,2.5911,1.0607,1.0607,0.0000,0.0000,0.0000,0.0000,0.0000,0.0000,0.0000,0.0000,0.0000,0.0000,0.0000,0.0000,0.0000,0.7536,0.0000,0.0000,0.0000,0.7536,0.0000,0.0000,0.0000,0.0000,0.0000,0.0000,0.0000,0.0000,0.0000,0.0000,0.7839,1.7037,0
150126,1.1761,0.9031,2.8351,3.3071,3.0402,2.7226,1.4624,1.4150,1.3617,0.6990,4.0183,0.6990,0.6990,3.3744,0.4771,0.4771,0.4771,0.3010,0.7782,2.1584,0.0000,0.3010,0.7782,1.9777,0.0000,0.4771,3.3744,0.4771,0.4771,0.3010,0.3010,0.4771,1.1461,1.7324,2.1847,2.3181,57
168348,1.2788,1.1139,2.6263,3.2767,3.2560,3.0069,1.7559,1.6628,1.3979,1.2041,4.6738,1.2041,1.1139,4.2994,1.0792,1.0792,1.0792,0.0000,0.7782,2.5866,0.4771,0.0000,0.7782,2.3802,0.4771,1.0792,4.2994,1.0792,1.0792,0.7782,0.9542,1.0792,1.6128,2.2430,2.5051,2.6253,75
33166,1.4314,0.9542,2.7789,2.8488,2.0128,1.7782,1.2304,1.1139,0.3010,0.0000,0.0000,0.0000,0.0000,0.0000,0.0000,0.0000,0.0000,0.0000,0.4771,1.3802,0.0000,0.0000,0.4771,1.2553,0.0000,0.0000,0.0000,0.0000,0.0000,0.0000,0.0000,0.0000,0.7782,1.4150,1.7243,1.8513,16
37060,1.6021,1.1139,2.6263,3.2256,4.0723,3.8185,2.1673,2.1271,2.2577,1.6721,4.8669,1.6721,1.6021,4.2304,1.4771,1.4771,1.4771,0.6021,1.9685,3.4040,0.6990,0.6021,1.8513,3.2533,0.4771,1.4771,4.2304,1.4771,1.4771,0.6990,1.0792,1.4771,2.5092,3.0017,3.3230,3.4709,349
58552,1.1461,0.3010,2.3075,3.2778,4.6711,4.3531,2.8710,2.8000,2.9877,2.6117,5.8987,2.6212,2.5276,5.5297,2.3522,2.3636,2.3522,2.5502,1.9731,3.4151,4.0236,2.4216,1.8325,3.1700,3.9161,1.7324,4.9261,1.7404,1.7324,0.9031,1.2304,1.7404,2.8176,3.3974,3.6429,3.7892,748
62623,1.6021,1.1139,2.6263,3.2256,2.6812,2.3502,0.7782,0.7782,0.6990,0.8451,3.9431,0.8451,0.8451,3.4927,0.7782,0.7782,0.7782,0.0000,0.3010,1.8062,0.0000,0.0000,0.3010,1.7482,0.0000,0.7782,3.4927,0.7782,0.7782,0.4771,0.4771,0.7782,1.2304,1.6902,2.2577,2.3729,15
64768,1.6021,1.1139,2.8241,2.6355,2.7497,2.4393,1.1461,1.1461,0.7782,0.8451,4.2388,0.8451,0.7782,3.9458,0.6021,0.6021,0.6021,0.0000,0.0000,1.5798,0.3010,0.0000,0.0000,1.4472,0.3010,0.6021,3.9458,0.6021,0.6021,0.0000,0.0000,0.6021,1.1461,1.4771,1.7924,1.9823,12
67435,1.5185,1.0792,2.7993,2.6542,1.7324,1.5185,0.0000,0.0000,0.3010,0.3010,3.4115,0.3010,0.3010,0.0000,0.0000,0.0000,0.0000,0.0000,0.0000,0.6990,0.0000,0.0000,0.0000,0.6990,0.0000,0.0000,0.0000,0.0000,0.0000,0.0000,0.0000,0.0000,0.4771,1.2041,1.5798,1.7782,1
65593,1.1461,0.3010,1.5563,3.2574,2.8871,2.6749,1.4624,1.3979,1.3424,0.6021,3.4631,0.6021,0.6021,2.8741,0.3010,0.3010,0.3010,0.0000,0.8451,2.0334,0.3010,0.0000,0.7782,1.8573,0.3010,0.3010,2.8741,0.3010,0.3010,0.0000,0.0000,0.3010,1.0000,1.6532,2.1004,2.2455,110
68077,1.4314,0.9542,2.7084,2.8306,3.6052,3.3351,1.7993,1.7324,1.7243,1.2553,4.3832,1.2553,1.2304,4.3033,1.2304,1.2304,1.2041,0.3010,1.2788,2.7226,0.4771,0.3010,1.1761,2.5263,0.4771,1.2304,4.3033,1.2304,1.2041,0.6021,0.8451,1.2304,1.7709,2.5911,2.9809,3.2114,109
71005,1.3222,0.7782,2.2529,2.5866,3.6492,3.4268,1.9638,1.9138,1.8976,1.3010,5.1345,1.3617,1.2304,4.0859,0.6990,0.6990,0.6990,3.0515,1.2304,2.5159,0.4771,2.9562,1.0792,2.3522,0.4771,0.6990,4.0859,0.6990,0.6990,0.0000,0.3010,0.6990,1.6721,2.3010,2.6128,2.7332,32
70012,1.2553,1.1139,2.3655,2.6928,1.6564,1.0607,0.0000,0.0000,0.0000,0.3365,3.7660,0.3365,0.3365,0.0000,0.0000,0.0000,0.0000,0.0000,0.0000,0.0000,0.0000,0.0000,0.0000,0.0000,0.0000,0.0000,0.0000,0.0000,0.0000,0.0000,0.0000,0.0000,0.0000,0.4871,0.8513,0.9586,0
74794,1.4150,1.1139,2.6160,3.1758,1.6128,1.4150,0.0000,0.0000,0.3010,0.0000,0.0000,0.0000,0.0000,0.0000,0.0000,0.0000,0.0000,0.0000,0.0000,0.7782,0.0000,0.0000,0.0000,0.6990,0.0000,0.0000,0.0000,0.0000,0.0000,0.0000,0.0000,0.0000,0.3010,0.3010,0.6021,1.3222,2.15
80701,0.9031,1.1139,2.3096,2.4472,1.1761,0.9031,0.0000,0.0000,0.0000,0.0000,0.0000,0.0000,0.0000,0.0000,0.0000,0.0000,0.0000,0.0000,0.0000,0.5798,0.0000,0.0000,0.0000,0.5798,0.0000,0.0000,0.0000,0.0000,0.0000,0.0000,0.0000,0.0000,0.0000,0.3243,0.6304,0.6243,0
80251,0.9031,1.1139,2.8357,1.0000,1.4624,1.2788,0.4771,0.4771,0.0000,0.3010,3.5985,0.3010,0.3010,3.2021,0.3010,0.3010,0.3010,0.0000,0.0000,0.7782,0.0000,0.0000,0.0000,0.6990,0.0000,0.3010,3.2021,0.3010,0.3010,0.0000,0.3010,0.3010,0.3010,0.3010,0.3160,0.4166,1
81196,1.4914,1.0792,2.1584,2.7789,1.4624,0.9624,0.3365,0.3365,0.0000,0.0000,0.0000,0.0000,0.0000,0.0000,0.0000,0.0000,0.0000,0.0000,0.0000,1.1408,0.0000,0.0000,0.0000,0.7536,0.0000,0.0000,0.0000,0.0000,0.0000,0.0000,0.0000,0.0000,0.0000,0.0000,0.3054,0.9074,4.67
85567,0.6990,1.0792,1.9191,2.4298,1.6812,1.5441,0.6021,0.4771,0.0000,0.0000,0.0000,0.0000,0.0000,0.0000,0.0000,0.0000,0.0000,0.0000,0.0000,1.2304,0.0000,0.0000,0.0000,1.2041,0.0000,0.0000,0.0000,0.0000,0.0000,0.0000,0.0000,0.0000,0.4771,1.0792,1.5342,1.8048,1
82840,1.1461,0.3010,2.3711,2.8825,2.2480,1.8921,1.1139,1.0414,0.4771,0.6021,3.6936,0.6021,0.6021,2.8526,0.3010,0.3010,0.3010,0.0000,0.3010,1.2304,0.0000,0.0000,0.3010,1.1761,0.0000,0.3010,2.8526,0.3010,0.3010,0.0000,0.0000,0.3010,0.3010,1.0414,1.2304,1.4150,8
91405,1.5185,1.0792,2.6263,2.3729,2.6776,2.4829,1.2788,1.2553,0.6990,0.4771,3.9739,0.4771,0.4771,3.5138,0.4771,0.4771,0.4771,0.0000,1.0792,2.0531,0.0000,0.0000,0.6990,1.9912,0.0000,0.4771,3.5138,0.4771,0.4771,0.3010,0.3010,0.4771,1.5563,2.4393,2.6880,2.8638,85
95722,1.1461,0.3010,2.6160,1.5051,0.3802,0.3802,0.0000,0.0000,0.0000,0.0000,0.0000,0.0000,0.0000,0.0000,0.0000,0.0000,0.0000,0.0000,0.0000,0.0000,0.0000,0.0000,0.0000,0.0000,0.0000,0.0000,0.0000,0.0000,0.0000,0.0000,0.0000,0.0000,0.0000,0.0000,0.0000,0.0000,0
99211,1.2553,1.1139,2.5809,1.6902,1.3187,1.1408,0.0000,0.0000,0.5224,0.0000,0.0000,0.0000,0.0000,0.0000,0.0000,0.0000,0.0000,0.0000,0.0000,1.0141,0.0000,0.0000,0.0000,0.7536,0.0000,0.0000,0.0000,0.0000,0.0000,0.0000,0.0000,0.0000,0.3181,0.6128,0.9138,0.9628,0
105436,1.5185,1.0792,2.6263,3.2227,2.7110,2.4378,0.9542,0.9031,1.1139,0.4771,3.4195,0.4771,0.4771,3.1149,0.3010,0.3010,0.3010,1.2304,0.6990,2.0645,0.0000,1.1139,0.6990,1.9494,0.0000,0.3010,3.1149,0.3010,0.3010,0.0000,0.0000,0.3010,0.8451,1.5441,1.9031,1.9345,4
115207,0.9031,1.1139,1.7993,2.3263,1.3424,0.9731,0.0000,0.0000,0.0000,0.0000,0.0000,0.0000,0.0000,0.0000,0.0000,0.0000,0.0000,0.0000,0.5798,0.0000,0.0000,0.0000,0.5798,0.0000,0.0000,0.0000,0.0000,0.0000,0.0000,0.0000,0.0000,0.0000,0.0000,0.0000,0.0000,0.3160,0
121630,1.5185,1.0792,2.3711,3.0700,1.7482,1.4914,0.0000,0.0000,0.0000,0.0000,0.0000,0.0000,0.0000,0.0000,0.0000,0.0000,0.0000,0.0000,0.0000,0.9031,0.0000,0.0000,0.0000,0.6990,0.0000,0.0000,0.0000,0.0000,0.0000,0.0000,0.0000,0.0000,0.3010,0.7782,1.3424,1.5682,1
125563,1.2553,1.1139,2.6243,3.2550,3.2235,2.9628,1.0414,0.9542,1.6628,0.6021,4.0483,0.6021,0.6021,4.0240,0.6021,0.6021,0.6021,0.0000,0.4771,2.2923,0.9031,0.0000,0.3010,2.0864,0.8451,0.6021,4.0240,0.6021,0.6021,0.3010,0.6021,0.6021,0.6021,0.7782,1.3802,1.4914,1
125581,0.9031,1.1139,2.6243,3.2550,2.7760,2.5658,1.1461,1.1461,1.0792,0.0000,0.0000,0.0000,0.0000,0.0000,0.0000,0.0000,0.0000,1.9542,0.0000,1.9243,0.0000,1.9031,0.0000,1.7853,0.0000,0.0000,0.0000,0.0000,0.0000,0.0000,0.0000,0.0000,0.6021,1.3424,1.6812,1.9912,10
124111,1.4150,1.1139,2.6160,2.2430,2.4969,2.1335,1.0414,1.0000,1.0000,0.0000,0.0000,0.0000,0.0000,0.0000,0.0000,0.0000,0.0000,0.7782,0.3010,1.4472,0.0000,0.7782,0.3010,1.3010,0.0000,0.0000,0.0000,0.0000,0.0000,0.0000,0.0000,0.0000,0.0000,1.0000,1.5563,1.7782,9
8393,1.2553,1.1139,2.6243,3.2550,2.6693,2.4669,1.0000,0.9031,1.4150,0.4771,3.9231,0.4771,0.4771,3.9028,0.4771,0.4771,0.4771,0.0000,0.0000,1.0000,0.3010,0.0000,0.0000,0.9031,0.3010,0.4771,3.9028,0.4771,0.4771,0.0000,0.3010,0.4771,0.4771,0.4771,0.6274,0.7679,0
10325,1.2788,1.1139,2.6263,3.0538,2.0000,1.6990,1.0000,0.9542,0.3010,0.0000,0.0000,0.0000,0.0000,0.0000,0.0000,0.0000,0.0000,0.0000,0.4771,0.7782,0.0000,0.0000,0.4771,0.7782,0.0000,0.0000,0.0000,0.0000,0.0000,0.0000,0.0000,0.0000,0.6021,0.8451,1.2180,1.3574,6
12485,1.6021,1.1139,2.7084,2.8306,2.6911,2.4216,1.0000,0.9031,1.0792,0.3010,2.8397,0.3010,0.3010,2.8397,0.3010,0.3010,0.3010,0.0000,0.3010,1.8751,0.3010,0.0000,0.3010,1.7243,0.3010,0.3010,2.8397,0.3010,0.3010,0.0000,0.0000,0.3010,1.0792,1.5315,1.9085,2.1072,22
12659,1.3424,1.0792,2.7993,2.2810,1.3424,0.9031,0.0000,0.0000,0.0000,0.0000,0.0000,0.0000,0.0000,0.0000,0.0000,0.0000,0.0000,0.0000,0.0000,0.0000,0.0000,0.0000,0.0000,0.0000,0.0000,0.0000,0.0000,0.0000,0.0000,0.0000,0.0000,0.0000,0.0000,0.6990,1.5185,1.6454,0
15191,1.1461,0.3010,2.6263,2.3424,3.7550,3.4376,1.4914,1.4314,2.0170,0.7782,3.9293,0.7782,0.7782,3.7971,0.7782,0.7782,0.7782,1.3424,1.2788,2.9523,0.9542,1.2788,1.2304,2.6646,0.9542,0.7782,3.7971,0.7782,0.7782,0.4771,0.6990,0.7782,1.0792,2.1644,2.6444,2.8899,45
15257,1.4914,1.0792,2.4757,2.9987,1.6609,1.3139,0.3802,0.3802,0.3802,0.0000,0.0000,0.0000,0.0000,0.0000,0.0000,0.0000,0.0000,0.0000,0.0000,1.4183,0.0000,0.0000,0.0000,1.0864,0.0000,0.0000,0.0000,0.0000,0.0000,0.0000,0.0000,0.0000,0.0000,0.3160,1.0927,1.6005,1.08
80078,1.5185,1.0792,2.7084,2.8306,2.9542,2.6812,1.2041,1.1761,1.0414,0.0000,0.0000,0.0000,0.0000,0.0000,0.0000,0.0000,0.0000,2.4281,0.6021,1.9395,0.0000,2.1492,0.6021,1.7782,0.0000,0.0000,0.0000,0.0000,0.0000,0.0000,0.0000,0.0000,1.1139,1.7559,2.1367,2.2989,19
134336,1.1461,0.3010,2.6981,2.7589,4.2239,3.9435,2.5855,2.5391,2.5263,1.9912,5.0820,1.9956,1.9294,4.7427,1.7324,1.7404,1.7324,2.7716,2.1399,3.1937,0.6021,2.7084,2.0414,3.0137,0.6021,1.7324,4.7427,1.7404,1.7324,1.2304,1.4314,1.7404,2.5911,3.0154,3.2383,3.2681,391
142418,1.5563,1.1461,2.6253,3.2279,4.1336,3.8468,2.1239,2.0531,2.1761,1.8062,5.3813,1.8062,1.7482,4.9817,1.4624,1.4624,1.4472,2.8261,0.6021,3.1920,0.7782,2.6848,0.6021,3.0099,0.6990,1.4624,4.9817,1.4624,1.4472,0.3010,1.0000,1.4624,2.4014,3.0103,3.2862,3.2997,50
158171,1.5185,1.0792,2.7993,3.0224,2.0607,1.5563,0.6021,0.6021,0.0000,0.3010,3.5299,0.3010,0.3010,3.0776,0.3010,0.3010,0.3010,0.0000,0.0000,0.8451,0.0000,0.0000,0.0000,0.8451,0.0000,0.3010,3.0776,0.3010,0.3010,0.0000,0.0000,0.3010,0.6990,1.3802,1.7782,1.9445,14
19914,1.5682,0.6990,2.7152,3.1367,0.0000,0.0000,0.0000,0.0000,0.0000,0.0000,0.0000,0.0000,0.0000,0.0000,0.0000,0.0000,0.0000,0.0000,0.0000,0.0000,0.0000,0.0000,0.0000,0.0000,0.0000,0.0000,0.0000,0.0000,0.0000,0.0000,0.0000,0.0000,0.0000,1.3583,1.6404,1.6782,0
23571,1.3424,1.0792,2.4857,2.0934,1.3187,1.1028,0.5224,0.5224,0.3365,0.3365,3.2740,0.3365,0.3365,2.7687,0.3365,0.3365,0.3365,0.0000,0.3365,0.9624,0.0000,0.0000,0.3365,0.9624,0.0000,0.3365,2.7687,0.3365,0.3365,0.0000,0.0000,0.3365,0.3181,0.5315,0.5502,0.5403,2.33
21570,1.6021,1.1139,2.8344,3.2702,1.5185,1.0414,0.3010,0.3010,0.0000,0.0000,0.0000,0.0000,0.0000,0.0000,0.0000,0.0000,0.0000,0.0000,0.0000,0.8451,0.0000,0.0000,0.0000,0.6021,0.0000,0.0000,0.0000,0.0000,0.0000,0.0000,0.0000,0.0000,0.0000,0.6990,1.0414,1.2304,1.17
27195,0.6990,1.0792,2.7993,2.2810,2.6702,2.3385,1.0414,1.0000,1.0000,1.0414,4.0670,1.0414,0.9031,3.3791,0.8451,0.8451,0.8451,0.0000,0.0000,1.3979,0.0000,0.0000,0.0000,1.2553,0.0000,0.8451,3.3791,0.8451,0.8451,0.0000,0.3010,0.8451,1.5682,2.0212,2.2695,2.6405,24
25839,1.5798,1.0792,2.6821,3.0817,1.5441,1.3010,0.0000,0.0000,0.3010,0.0000,0.0000,0.0000,0.0000,0.0000,0.0000,0.0000,0.0000,0.0000,0.0000,0.8451,0.0000,0.0000,0.0000,0.6990,0.0000,0.0000,0.0000,0.0000,0.0000,0.0000,0.0000,0.0000,0.6990,1.3424,1.8261,2.1430,4.31
27462,0.9031,1.1139,2.6243,3.2550,3.0500,2.8241,1.3979,1.3424,1.3222,0.6990,4.2070,0.6990,0.6990,4.0077,0.6021,0.6021,0.6021,1.9191,0.6021,2.2455,0.0000,1.8751,0.6021,2.1004,0.0000,0.6021,4.0077,0.6021,0.6021,0.3010,0.4771,0.6021,1.0792,1.5911,1.9294,2.0253,8
26427,1.5563,1.1461,1.9395,3.3139,3.1853,2.9294,1.4771,1.4472,1.4771,1.0414,4.3081,1.0414,1.0414,3.8519,0.7782,0.7782,0.7782,0.0000,0.7782,2.7226,0.3010,0.0000,0.7782,2.5378,0.3010,0.7782,3.8519,0.7782,0.7782,0.4771,0.4771,0.7782,1.6021,2.0253,2.1739,2.3490,27
30174,1.4314,0.9542,2.8248,2.2405,2.4487,2.1584,0.0000,0.0000,0.9542,0.0000,0.0000,0.0000,0.0000,0.0000,0.0000,0.0000,0.0000,0.0000,0.8451,1.8573,0.0000,0.0000,0.8451,1.6128,0.0000,0.0000,0.0000,0.0000,0.0000,0.0000,0.0000,0.0000,0.3010,0.4771,0.4771,0.7782,0
31344,1.5315,1.0414,2.8657,2.6304,2.4440,2.2227,0.6990,0.6990,0.6021,0.0000,0.0000,0.0000,0.0000,0.0000,0.0000,0.0000,0.0000,0.0000,0.0000,1.6128,0.0000,0.0000,0.0000,1.5911,0.0000,0.0000,0.0000,0.0000,0.0000,0.0000,0.0000,0.0000,1.2041,1.5911,2.0128,2.2810,17
132051,1.4314,0.9542,2.2989,2.7810,3.0508,2.8537,1.2788,1.1761,1.3802,0.4771,3.4623,0.4771,0.3010,0.0000,0.0000,0.0000,0.0000,0.0000,1.0000,2.5011,0.3010,0.0000,1.0000,2.3598,0.3010,0.0000,0.0000,0.0000,0.0000,0.0000,0.0000,0.0000,0.7782,1.3617,1.6812,1.9191,3
63408,1.4314,0.9542,2.1367,2.6474,2.6021,2.2504,1.2788,1.2304,1.1761,0.9031,4.2569,0.9031,0.9031,3.6337,0.7782,0.7782,0.7782,0.0000,0.7782,1.8573,0.0000,0.0000,0.6990,1.5051,0.0000,0.7782,3.6337,0.7782,0.7782,0.4771,0.6021,0.7782,1.2788,1.5682,1.8614,2.0354,21
133659,1.2553,1.1139,2.6263,1.7160,2.1271,1.8692,1.0792,1.0792,0.6990,0.0000,0.0000,0.0000,0.0000,0.0000,0.0000,0.0000,0.0000,0.6021,0.3010,1.4472,0.0000,0.6021,0.3010,1.3424,0.0000,0.0000,0.0000,0.0000,0.0000,0.0000,0.0000,0.0000,0.6021,1.4771,1.9031,2.0607,14
140250,1.2788,1.1139,1.6128,2.6345,1.6435,1.3010,0.0000,0.0000,0.0000,0.0000,0.0000,0.0000,0.0000,0.0000,0.0000,0.0000,0.0000,0.0000,0.0000,0.6021,0.0000,0.0000,0.0000,0.4771,0.0000,0.0000,0.0000,0.0000,0.0000,0.0000,0.0000,0.0000,0.0000,0.8451,1.6532,1.8808,4.31
138840,1.2788,1.1139,2.4857,2.8325,2.3541,2.1139,0.6021,0.6021,0.3010,0.0000,0.0000,0.0000,0.0000,0.0000,0.0000,0.0000,0.0000,1.5441,0.8451,1.3979,0.0000,1.5315,0.8451,1.2788,0.0000,0.0000,0.0000,0.0000,0.0000,0.0000,0.0000,0.0000,0.9542,1.5682,1.9868,2.2122,7
142842,1.5798,1.0792,2.6821,2.5328,1.6990,1.3861,0.0000,0.0000,0.0000,0.0000,0.0000,0.0000,0.0000,0.0000,0.0000,0.0000,0.0000,0.7536,0.0000,0.0000,0.0000,0.7536,0.0000,0.0000,0.0000,0.0000,0.0000,0.0000,0.0000,0.0000,0.0000,0.0000,0.8727,1.4914,1.7631,2.0260,7
147420,1.2788,1.1139,2.4857,3.1062,3.7177,3.4634,2.3054,2.2330,2.0453,1.6532,4.8581,1.6532,1.6232,4.1018,1.5051,1.5051,1.5051,1.1461,0.6021,2.9330,0.3010,1.0414,0.4771,2.7810,0.3010,1.5051,4.1018,1.5051,1.5051,1.0792,1.3617,1.5051,2.3962,2.8645,3.1569,3.3623,424
148569,1.6021,1.1139,2.3711,2.3617,3.0633,2.8241,1.1139,1.0792,0.9542,0.4771,3.5952,0.4771,0.4771,3.2932,0.4771,0.4771,0.4771,2.3655,0.8451,2.1673,0.0000,2.2095,0.8451,2.0645,0.0000,0.4771,3.2932,0.4771,0.4771,0.0000,0.0000,0.4771,1.1461,1.6335,2.0719,2.3222,11
161556,1.6021,1.1139,2.3096,2.4472,2.6618,2.4014,0.4771,0.4771,0.8451,0.3010,3.7630,0.3010,0.3010,2.9806,0.3010,0.3010,0.3010,0.3010,0.6990,2.2405,0.0000,0.3010,0.4771,2.0607,0.0000,0.3010,2.9806,0.3010,0.3010,0.0000,0.0000,0.3010,0.3010,1.1761,1.4914,1.6902,4
166167,1.4314,0.9542,2.8248,3.1467,2.9047,2.6522,1.2041,1.2041,1.0792,0.8451,3.6607,0.8451,0.8451,3.5815,0.7782,0.7782,0.7782,0.0000,0.0000,2.2253,0.0000,0.0000,0.0000,2.0828,0.0000,0.7782,3.5815,0.7782,0.7782,0.4771,0.6021,0.7782,1.1761,1.5911,1.9138,2.2405,12
167931,1.2553,1.1139,2.3096,2.9248,2.0374,1.8062,0.0000,0.0000,0.3010,0.3010,3.8557,0.3010,0.3010,0.0000,0.0000,0.0000,0.0000,0.0000,0.0000,0.4771,0.0000,0.0000,0.0000,0.4771,0.0000,0.0000,0.0000,0.0000,0.0000,0.0000,0.0000,0.0000,0.0000,0.0000,0.6021,0.6990,0
11068,1.6021,1.1139,2.6263,1.7160,2.9112,2.6532,1.4624,1.3802,1.3010,0.4771,3.0839,0.4771,0.4771,2.4523,0.3010,0.3010,0.3010,2.2856,1.4314,2.1761,0.0000,2.1523,1.3979,1.9912,0.0000,0.3010,2.4523,0.3010,0.3010,0.0000,0.0000,0.3010,1.3424,1.7559,2.1732,2.3747,55
33388,1.3424,1.0792,2.7745,3.3124,0.9031,0.9031,0.0000,0.0000,0.0000,0.0000,0.0000,0.0000,0.0000,0.0000,0.0000,0.0000,0.0000,0.0000,0.0000,0.0000,0.0000,0.0000,0.0000,0.0000,0.0000,0.0000,0.0000,0.0000,0.0000,0.0000,0.0000,0.0000,0.0000,0.0000,0.3385,0.3304,0
32782,0.6990,1.0792,2.5855,3.2106,2.3365,2.1038,1.0414,1.0414,0.7782,0.4771,2.7769,0.4771,0.4771,2.7769,0.4771,0.4771,0.4771,0.0000,0.4771,1.5315,0.0000,0.0000,0.4771,1.4472,0.0000,0.4771,2.7769,0.4771,0.4771,0.0000,0.4771,0.4771,1.3617,1.9085,2.0414,2.0792,8
51412,1.6021,1.1139,2.8407,3.2967,1.7076,1.4472,0.0000,0.0000,0.4771,0.0000,0.0000,0.0000,0.0000,0.0000,0.0000,0.0000,0.0000,0.0000,0.0000,1.1461,0.0000,0.0000,0.0000,1.0414,0.0000,0.0000,0.0000,0.0000,0.0000,0.0000,0.0000,0.0000,0.0000,0.0000,1.2788,1.3617,0
52372,1.6021,1.1139,2.8357,1.0000,1.7993,1.5185,0.0000,0.0000,0.3010,0.0000,0.0000,0.0000,0.0000,0.0000,0.0000,0.0000,0.0000,0.0000,0.0000,1.2788,0.0000,0.0000,0.0000,1.1139,0.0000,0.0000,0.0000,0.0000,0.0000,0.0000,0.0000,0.0000,0.0000,0.6990,0.8035,0.9562,1
55750,1.6021,1.1139,2.3096,3.1937,2.4955,2.2788,0.6990,0.6990,0.8451,0.0000,0.0000,0.0000,0.0000,0.0000,0.0000,0.0000,0.0000,0.3010,0.0000,1.9494,0.0000,0.3010,0.0000,1.8808,0.0000,0.0000,0.0000,0.0000,0.0000,0.0000,0.0000,0.0000,0.4771,1.0414,1.3617,1.5051,4
55591,1.3424,1.0792,2.6263,3.3208,1.7993,1.5315,0.3010,0.3010,0.0000,0.0000,0.0000,0.0000,0.0000,0.0000,0.0000,0.0000,0.0000,0.0000,0.0000,0.8451,0.0000,0.0000,0.0000,0.6990,0.0000,0.0000,0.0000,0.0000,0.0000,0.0000,0.0000,0.0000,0.0000,0.3324,0.5198,0.6493,2
57886,0.6990,1.0792,2.7084,2.8306,3.0390,2.7924,1.4314,1.3010,1.4150,0.6990,3.3234,0.6990,0.6990,3.1628,0.6021,0.6021,0.6021,0.0000,0.6021,2.3945,0.3010,0.0000,0.6021,2.2068,0.3010,0.6021,3.1628,0.6021,0.6021,0.0000,0.3010,0.6021,1.3617,2.0334,2.5145,2.7284,26
60163,1.2788,1.1139,2.5809,2.9085,3.4915,3.2746,1.2553,1.2041,1.7076,0.9031,4.0844,0.9031,0.7782,3.0801,0.4771,0.4771,0.4771,3.0719,1.2304,2.4346,0.0000,2.9279,1.1139,2.3598,0.0000,0.4771,3.0801,0.4771,0.4771,0.0000,0.3010,0.4771,1.8573,2.6325,3.0358,3.1374,26
65713,1.4314,0.9542,2.2878,3.1703,3.1511,2.9248,1.7160,1.5911,1.4150,0.6990,3.4609,0.6990,0.6990,2.9205,0.6021,0.6021,0.6021,1.5185,1.2041,2.5888,0.0000,1.4472,1.0792,2.4116,0.0000,0.6021,2.9205,0.6021,0.6021,0.4771,0.4771,0.6021,1.7482,2.3598,2.6365,2.8176,97
70810,1.5798,1.0792,2.6866,3.2931,1.7993,1.5563,0.0000,0.0000,0.4771,0.0000,0.0000,0.0000,0.0000,0.0000,0.0000,0.0000,0.0000,0.0000,0.9031,1.3010,0.0000,0.0000,0.3010,1.1139,0.0000,0.0000,0.0000,0.0000,0.0000,0.0000,0.0000,0.0000,0.4771,0.9542,1.3222,1.5051,1
70444,0.9031,1.1139,2.3096,3.2960,1.3424,0.7536,0.0000,0.0000,0.0000,0.0000,0.0000,0.0000,0.0000,0.0000,0.0000,0.0000,0.0000,0.0000,0.0000,0.0000,0.0000,0.0000,0.0000,0.0000,0.0000,0.0000,0.0000,0.0000,0.0000,0.0000,0.0000,0.0000,0.0000,0.0000,0.0000,0.0000,0
71275,1.3222,0.7782,2.5065,2.8675,2.2041,1.9868,0.9031,0.8451,0.6990,0.0000,0.0000,0.0000,0.0000,0.0000,0.0000,0.0000,0.0000,0.0000,0.0000,1.6721,0.0000,0.0000,0.0000,1.5051,0.0000,0.0000,0.0000,0.0000,0.0000,0.0000,0.0000,0.0000,0.3010,1.2304,1.7243,2.1004,7
77017,1.1761,0.9031,2.4698,2.9991,1.2504,1.0334,0.0000,0.0000,0.3802,0.0000,0.0000,0.0000,0.0000,0.0000,0.0000,0.0000,0.0000,0.0000,0.0000,0.9731,0.0000,0.0000,0.0000,0.8195,0.0000,0.0000,0.0000,0.0000,0.0000,0.0000,0.0000,0.0000,0.3802,0.4969,0.7235,0.8710,2.55
80062,1.3424,1.0792,2.7084,2.8306,2.4116,2.1399,0.6021,0.6021,0.7782,0.0000,0.0000,0.0000,0.0000,0.0000,0.0000,0.0000,0.0000,0.0000,0.0000,1.6435,0.0000,0.0000,0.0000,1.3979,0.0000,0.0000,0.0000,0.0000,0.0000,0.0000,0.0000,0.0000,0.6021,1.3010,1.6532,1.9542,9
85852,1.5315,1.0414,2.8657,2.6304,1.4624,1.2041,0.0000,0.0000,0.0000,0.0000,0.0000,0.0000,0.0000,0.0000,0.0000,0.0000,0.0000,0.0000,0.0000,0.6021,0.0000,0.0000,0.0000,0.6021,0.0000,0.0000,0.0000,0.0000,0.0000,0.0000,0.0000,0.0000,0.0000,0.6990,1.0792,1.1761,1
85291,1.1461,0.3010,2.2380,3.2138,2.1038,1.8751,1.0414,1.0414,0.7782,0.3010,3.2594,0.3010,0.3010,2.9771,0.3010,0.3010,0.3010,0.0000,0.4771,1.6021,0.0000,0.0000,0.4771,1.5185,0.0000,0.3010,2.9771,0.3010,0.3010,0.0000,0.3010,0.3010,0.6990,1.0000,1.2788,1.3296,4
87277,1.6021,1.1139,2.8344,3.2702,2.3838,2.0828,0.3010,0.3010,0.8451,0.4771,3.3101,0.4771,0.4771,3.0093,0.4771,0.4771,0.4771,1.4314,0.0000,1.7709,0.0000,1.3617,0.0000,1.6128,0.0000,0.4771,3.0093,0.4771,0.4771,0.0000,0.3010,0.4771,1.1761,1.5051,1.6021,2.3927,13
90904,1.5315,1.0414,2.6758,1.2788,1.9956,1.8692,0.0000,0.0000,0.3010,0.0000,0.0000,0.0000,0.0000,0.0000,0.0000,0.0000,0.0000,0.0000,0.0000,1.1461,0.0000,0.0000,0.0000,1.1139,0.0000,0.0000,0.0000,0.0000,0.0000,0.0000,0.0000,0.0000,0.0000,0.6021,0.9031,0.9542,0
96223,1.5185,1.0792,2.3541,3.2322,2.3617,2.0828,0.4771,0.4771,0.8451,0.4771,3.8712,0.4771,0.4771,3.4676,0.3010,0.3010,0.3010,0.0000,0.7782,1.5911,0.0000,0.0000,0.6021,1.5051,0.0000,0.3010,3.4676,0.3010,0.3010,0.0000,0.3010,0.3010,0.6990,1.2304,1.5441,1.7709,2
99904,0.9031,1.1139,2.6263,2.3766,1.3064,0.9031,0.6532,0.6532,0.0000,0.0000,0.0000,0.0000,0.0000,0.0000,0.0000,0.0000,0.0000,0.0000,0.0000,0.4393,0.0000,0.0000,0.0000,0.4393,0.0000,0.0000,0.0000,0.0000,0.0000,0.0000,0.0000,0.0000,0.0000,0.5575,0.8915,1.3345,0
99049,1.5798,1.0792,2.6794,3.0358,1.0000,0.9031,0.0000,0.0000,0.0000,0.0000,0.0000,0.0000,0.0000,0.0000,0.0000,0.0000,0.0000,0.0000,0.0000,0.6990,0.0000,0.0000,0.0000,0.6021,0.0000,0.0000,0.0000,0.0000,0.0000,0.0000,0.0000,0.0000,0.0000,0.0000,0.0000,0.6284,1.27
113929,1.3617,0.6990,1.6232,2.8215,2.0157,1.6564,0.6532,0.6532,0.6532,0.0000,0.0000,0.0000,0.0000,0.0000,0.0000,0.0000,0.0000,0.0000,0.5224,1.4445,0.0000,0.0000,0.5224,1.2087,0.0000,0.0000,0.0000,0.0000,0.0000,0.0000,0.0000,0.0000,0.7251,1.0133,1.3872,1.4819,2
119563,1.5798,1.0792,1.8751,3.0737,1.7634,1.3222,0.4771,0.4771,0.6021,0.7782,3.2312,0.7782,0.6990,2.9063,0.6990,0.6990,0.6990,0.0000,0.0000,0.7782,0.0000,0.0000,0.0000,0.6021,0.0000,0.6990,2.9063,0.6990,0.6990,0.3010,0.4771,0.6990,1.0414,1.2304,1.4771,1.6435,3
124906,1.2553,1.1139,2.6243,3.2550,3.8119,3.6723,0.0000,0.0000,1.8129,0.9031,4.6088,0.9031,0.8451,4.4445,0.6990,0.7782,0.6990,0.0000,0.0000,1.1139,3.6498,0.0000,0.0000,0.9542,3.5843,0.3010,3.5948,0.3010,0.3010,0.3010,0.3010,0.3010,0.3010,0.6990,1.0792,1.2304,3
125899,0.9031,1.1139,2.6435,2.7627,1.3802,1.0414,0.0000,0.0000,0.0000,0.0000,0.0000,0.0000,0.0000,0.0000,0.0000,0.0000,0.0000,0.4771,0.0000,0.3010,0.0000,0.4771,0.0000,0.3010,0.0000,0.0000,0.0000,0.0000,0.0000,0.0000,0.0000,0.0000,0.0000,0.6021,0.8451,1.2788,3
128284,1.4314,0.9542,2.2945,3.1467,1.4771,1.3617,0.0000,0.0000,0.6021,0.0000,0.0000,0.0000,0.0000,0.0000,0.0000,0.0000,0.0000,0.0000,0.0000,0.6990,0.0000,0.0000,0.0000,0.6990,0.0000,0.0000,0.0000,0.0000,0.0000,0.0000,0.0000,0.0000,0.0000,0.0000,0.0000,0.0000,1
11255,1.5563,1.1461,2.5705,3.0542,5.1154,4.9203,2.9717,2.8982,3.2958,2.6551,6.2300,2.6665,2.6180,5.8340,2.2455,2.2648,2.2355,3.2219,2.3502,3.1069,1.4472,3.0748,2.2601,2.8739,0.9542,2.2455,5.8340,2.2648,2.2355,1.7559,2.1931,2.2648,2.6580,2.9586,3.2594,3.4354,322
15170,1.6021,1.1139,2.6263,1.7709,2.6590,2.4914,0.0000,0.0000,0.6021,0.0000,0.0000,0.0000,0.0000,0.0000,0.0000,0.0000,0.0000,2.3181,0.0000,1.9345,0.0000,2.1903,0.0000,1.8195,0.0000,0.0000,0.0000,0.0000,0.0000,0.0000,0.0000,0.0000,0.4771,1.1139,2.0043,2.3997,13
16235,1.5798,1.0792,2.6821,3.0806,0.9031,0.9031,0.0000,0.0000,0.0000,0.0000,0.0000,0.0000,0.0000,0.0000,0.0000,0.0000,0.0000,0.0000,0.0000,0.6532,0.0000,0.0000,0.0000,0.6532,0.0000,0.0000,0.0000,0.0000,0.0000,0.0000,0.0000,0.0000,0.0000,0.0000,0.6021,1.0993,0
90545,1.4314,0.9542,2.2878,3.1781,3.5688,3.3233,2.0607,1.9777,1.8261,1.3222,4.3161,1.3222,1.2788,3.6274,1.1139,1.1139,1.1139,2.0128,1.5315,2.9741,0.0000,1.9590,1.4314,2.8500,0.0000,1.1139,3.6274,1.1139,1.1139,0.4771,1.0000,1.1139,2.0253,2.6253,3.1026,3.2786,169
110906,1.2788,1.1139,2.6263,1.7160,2.9571,2.7243,1.5798,1.5185,1.5185,1.3222,4.8681,1.3424,1.2788,4.2307,1.2553,1.2553,1.2553,1.7709,1.1761,2.0569,0.0000,1.7243,1.0414,1.9031,0.0000,1.2553,4.2307,1.2553,1.2553,0.6990,1.0792,1.2553,1.9590,2.5011,2.9823,3.2284,66
101615,1.4314,0.9542,2.7520,3.0124,2.0719,1.7634,0.0000,0.0000,0.4771,0.0000,0.0000,0.0000,0.0000,0.0000,0.0000,0.0000,0.0000,0.0000,0.6021,1.3979,0.0000,0.0000,0.6021,1.1461,0.0000,0.0000,0.0000,0.0000,0.0000,0.0000,0.0000,0.0000,0.0000,0.3010,0.9031,1.7076,0
300,1.5682,0.6990,2.8182,2.4698,2.9009,2.5353,1.2304,1.1761,1.0000,1.2553,3.5981,1.4914,1.1761,3.0645,1.0414,1.2553,1.0414,1.6435,0.9031,2.2279,0.0000,1.4314,0.7782,2.0374,0.0000,1.0414,3.0645,1.2553,1.0414,0.0000,0.3010,1.2553,1.7324,2.6609,2.9258,3.0622,31
3435,1.5563,1.1461,0.6021,3.0477,5.0206,4.7093,3.3056,3.2448,3.1590,2.7860,5.9474,2.7973,2.7143,5.6036,2.4378,2.4579,2.4200,3.7707,1.4771,4.1513,1.4624,3.5931,1.3617,3.9247,1.2041,2.4378,5.6036,2.4579,2.4200,1.6335,1.9138,2.4579,3.3604,3.7492,3.8999,3.9772,786
16926,1.1461,0.3010,2.6274,2.9859,1.3424,1.1761,0.0000,0.0000,0.0000,0.0000,0.0000,0.0000,0.0000,0.0000,0.0000,0.0000,0.0000,0.0000,0.0000,1.0414,0.0000,0.0000,0.0000,0.9031,0.0000,0.0000,0.0000,0.0000,0.0000,0.0000,0.0000,0.0000,0.0000,0.0000,0.0000,0.0000,1.27
17946,1.2788,1.1139,2.0531,1.3979,1.5051,1.3424,0.0000,0.0000,0.0000,0.0000,0.0000,0.0000,0.0000,0.0000,0.0000,0.0000,0.0000,0.0000,0.0000,1.2304,0.0000,0.0000,0.0000,1.0792,0.0000,0.0000,0.0000,0.0000,0.0000,0.0000,0.0000,0.0000,0.0000,0.0000,0.3010,0.6990,1
18030,1.1461,0.3010,2.7084,3.1467,3.4328,3.1508,1.8513,1.7076,1.4150,1.3222,4.5738,1.3222,1.3010,4.3647,1.1761,1.1761,1.1761,0.4771,0.0000,2.7168,0.0000,0.4771,0.0000,2.5514,0.0000,1.1761,4.3647,1.1761,1.1761,0.3010,0.8451,1.1761,1.6721,2.2989,2.5798,2.6848,48
23160,1.6021,1.1139,2.1875,2.9499,1.1761,1.1335,0.0000,0.0000,0.3802,0.0000,0.0000,0.0000,0.0000,0.0000,0.0000,0.0000,0.0000,0.0000,0.0000,0.5798,0.0000,0.0000,0.0000,0.5798,0.0000,0.0000,0.0000,0.0000,0.0000,0.0000,0.0000,0.0000,0.0000,0.0000,0.0000,0.0000,0
42093,1.5185,1.0792,2.3711,2.3617,3.1303,2.8621,1.3222,1.2041,1.1761,0.6990,4.5016,0.6990,0.6990,3.8357,0.6021,0.6021,0.6021,1.9542,0.6990,2.2695,0.0000,1.8195,0.6990,2.1644,0.0000,0.6021,3.8357,0.6021,0.6021,0.0000,0.3010,0.6021,1.4150,2.0212,2.4200,2.6675,28
55608,1.3617,0.6990,2.7597,2.8395,2.9479,2.6866,0.9031,0.9031,1.2304,0.4771,3.0987,0.4771,0.4771,2.5819,0.4771,0.4771,0.4771,0.0000,0.7782,2.4786,0.0000,0.0000,0.7782,2.2967,0.0000,0.4771,2.5819,0.4771,0.4771,0.4771,0.4771,0.4771,1.4624,2.0170,2.3347,2.5101,27
41655,1.4314,0.9542,2.6263,3.1364,4.2496,3.9176,2.7910,2.7126,2.7443,2.1584,4.9685,2.1761,2.0899,4.5847,1.8808,1.8976,1.8692,2.0453,1.8921,3.4758,0.6021,1.8865,1.7482,3.2312,0.3010,1.8808,4.5847,1.8976,1.8692,1.4624,1.6902,1.8976,2.7796,3.2767,3.5949,3.8142,775
65271,1.2788,1.1139,2.6263,3.2256,0.9890,0.9031,0.0000,0.0000,0.0000,0.0000,0.0000,0.0000,0.0000,0.0000,0.0000,0.0000,0.0000,0.4393,0.0000,0.0000,0.0000,0.4393,0.0000,0.0000,0.0000,0.0000,0.0000,0.0000,0.0000,0.0000,0.0000,0.0000,0.0000,0.6365,0.7966,0.9675,1
134676,1.5315,1.0414,2.5065,2.3711,2.1367,1.9138,0.4771,0.4771,0.6021,0.0000,0.0000,0.0000,0.0000,0.0000,0.0000,0.0000,0.0000,0.0000,0.0000,1.8062,0.0000,0.0000,0.0000,1.6128,0.0000,0.0000,0.0000,0.0000,0.0000,0.0000,0.0000,0.0000,0.6021,1.1461,1.4914,1.6532,17
136956,1.2788,1.1139,2.6263,2.9015,2.1303,1.9191,0.8451,0.8451,0.4771,0.0000,0.0000,0.0000,0.0000,0.0000,0.0000,0.0000,0.0000,0.0000,0.4771,1.4771,0.0000,0.0000,0.4771,1.3802,0.0000,0.0000,0.0000,0.0000,0.0000,0.0000,0.0000,0.0000,0.8451,1.5911,2.0294,2.0969,8
143196,1.3010,0.6990,2.6243,3.2550,1.8388,1.7076,0.0000,0.0000,0.0000,0.0000,0.0000,0.0000,0.0000,0.0000,0.0000,0.0000,0.0000,0.0000,0.0000,1.6532,0.0000,0.0000,0.0000,1.5563,0.0000,0.0000,0.0000,0.0000,0.0000,0.0000,0.0000,0.0000,0.0000,0.4771,0.5250,1.1562,0
146967,1.2553,1.1139,2.6243,3.2550,3.5994,3.3216,1.8388,1.7924,1.7324,1.0414,4.6946,1.0414,1.0000,4.2838,0.6990,0.6990,0.6990,2.2480,0.9542,2.2553,1.3979,2.1004,0.8451,1.9445,1.1761,0.6990,4.2838,0.6990,0.6990,0.3010,0.4771,0.6990,0.8451,2.1271,2.3404,2.3909,10
150834,1.3424,1.0792,2.7649,3.0983,2.1139,1.6990,0.7782,0.7782,0.4771,0.4771,3.5621,0.4771,0.4771,3.2398,0.3010,0.3010,0.3010,0.0000,0.0000,1.2041,0.0000,0.0000,0.0000,1.1461,0.0000,0.3010,3.2398,0.3010,0.3010,0.0000,0.0000,0.3010,0.6021,0.8451,1.1345,1.2999,6
152439,1.6021,1.1139,2.6096,3.1258,1.4624,0.8344,0.6532,0.6532,0.0000,0.3365,2.8843,0.3365,0.3365,2.8500,0.3365,0.3365,0.3365,0.0000,0.0000,0.8344,0.0000,0.0000,0.0000,0.3365,0.0000,0.3365,2.8500,0.3365,0.3365,0.0000,0.0000,0.3365,0.3365,0.3160,0.3118,0.9159,0
159354,1.3424,1.0792,2.7649,3.0983,2.2041,1.8865,0.8451,0.8451,0.7782,0.0000,0.0000,0.0000,0.0000,0.0000,0.0000,0.0000,0.0000,0.0000,0.4771,1.5563,0.0000,0.0000,0.4771,1.4472,0.0000,0.0000,0.0000,0.0000,0.0000,0.0000,0.0000,0.0000,0.4771,0.9031,1.2251,1.3923,2
163290,1.1461,0.3010,1.5563,3.2574,3.7068,3.4414,1.2304,1.2041,2.0294,0.6990,3.7445,0.6990,0.6990,2.8410,0.3010,0.3010,0.3010,3.1948,1.3617,2.7235,0.0000,3.0477,1.2788,2.5478,0.0000,0.3010,2.8410,0.3010,0.3010,0.0000,0.0000,0.3010,0.9542,1.4150,1.7324,1.8062,17
22108,1.3424,1.0792,2.7084,2.8306,3.3636,3.0959,1.8129,1.7404,1.4624,1.2788,4.3982,1.3222,1.2041,3.9045,0.9031,0.9031,0.9031,2.3032,1.1139,2.5185,0.3010,2.1875,1.1139,2.3160,0.3010,0.9031,3.9045,0.9031,0.9031,0.3010,0.6021,0.9031,1.7559,2.2989,2.5705,2.9818,88
33796,1.3617,0.6990,0.6021,2.3655,2.1703,1.9294,0.6021,0.6021,0.0000,0.3010,1.3019,0.3010,0.3010,1.3019,0.3010,0.3010,0.3010,0.0000,0.0000,1.7853,0.0000,0.0000,0.0000,1.6435,0.0000,0.3010,1.3019,0.3010,0.3010,0.0000,0.3010,0.3010,0.9542,1.1139,1.4472,1.7924,1
35911,1.3424,1.0792,2.5514,3.0777,1.8140,1.4624,0.5224,0.5224,0.0000,0.0000,0.0000,0.0000,0.0000,0.0000,0.0000,0.0000,0.0000,0.3365,0.0000,1.2672,0.0000,0.3365,0.0000,1.1408,0.0000,0.0000,0.0000,0.0000,0.0000,0.0000,0.0000,0.0000,0.3181,0.6128,1.0065,1.2350,6
37645,1.5185,1.0792,2.6263,3.2227,3.4131,3.1614,2.0453,1.9031,1.6628,1.0414,4.2108,1.0414,1.0414,3.8383,0.7782,0.7782,0.7782,2.5465,0.9542,2.7202,0.7782,2.3617,0.8451,2.5809,0.7782,0.7782,3.8383,0.7782,0.7782,0.3010,0.3010,0.7782,1.7782,2.7332,3.0473,3.2920,101
38095,1.5798,1.0792,2.6821,3.0806,0.9031,0.9031,0.0000,0.0000,0.0000,0.0000,0.0000,0.0000,0.0000,0.0000,0.0000,0.0000,0.0000,0.0000,0.0000,0.0000,0.0000,0.0000,0.0000,0.0000,0.0000,0.0000,0.0000,0.0000,0.0000,0.0000,0.0000,0.0000,0.0000,0.4265,0.7404,0.8876,0
39412,0.9031,1.1139,2.3096,2.9248,1.9685,1.7482,0.7782,0.6021,0.3010,0.6021,4.1278,0.6021,0.4771,3.4323,0.3010,0.3010,0.3010,0.0000,0.0000,1.4472,0.0000,0.0000,0.0000,1.2041,0.0000,0.3010,3.4323,0.3010,0.3010,0.3010,0.3010,0.3010,0.3010,0.6990,1.1761,1.2304,1
41590,1.4314,0.9542,2.7789,3.0154,1.9294,1.7782,0.6021,0.6021,0.4771,0.3010,3.5672,0.3010,0.3010,0.0000,0.0000,0.0000,0.0000,0.0000,0.0000,1.3617,0.0000,0.0000,0.0000,1.2788,0.0000,0.0000,0.0000,0.0000,0.0000,0.0000,0.0000,0.0000,0.3010,0.6990,1.3979,1.6964,3
43162,1.5798,1.0792,2.6821,3.2030,1.6093,1.2938,0.0000,0.0000,0.3365,0.0000,0.0000,0.0000,0.0000,0.0000,0.0000,0.0000,0.0000,0.0000,0.0000,0.3365,0.0000,0.0000,0.0000,0.3365,0.0000,0.0000,0.0000,0.0000,0.0000,0.0000,0.0000,0.0000,0.0000,0.0000,0.0000,0.0000,0
51007,1.5315,1.0414,2.8401,3.2087,1.4314,1.2553,0.0000,0.0000,0.0000,0.0000,0.0000,0.0000,0.0000,0.0000,0.0000,0.0000,0.0000,0.0000,0.0000,0.6021,0.0000,0.0000,0.0000,0.6021,0.0000,0.0000,0.0000,0.0000,0.0000,0.0000,0.0000,0.0000,0.4771,0.6021,0.7782,1.0414,0
47623,1.5185,1.0792,2.7649,3.0983,2.1703,1.7782,0.7782,0.7782,0.3010,0.6990,4.2335,0.6990,0.4771,3.5880,0.3010,0.3010,0.3010,0.0000,0.0000,1.4624,0.0000,0.0000,0.0000,1.2041,0.0000,0.3010,3.5880,0.3010,0.3010,0.3010,0.3010,0.3010,0.3010,0.9031,1.1951,1.3617,11
49732,1.2553,1.1139,2.4857,3.1374,1.0141,0.9031,0.0000,0.0000,0.0000,0.0000,0.0000,0.0000,0.0000,0.0000,0.0000,0.0000,0.0000,0.0000,0.0000,0.5224,0.0000,0.0000,0.0000,0.5224,0.0000,0.0000,0.0000,0.0000,0.0000,0.0000,0.0000,0.0000,0.0000,0.0000,0.0000,0.0000,0
53830,1.2304,0.6990,2.6794,3.0358,1.2788,1.0792,0.0000,0.0000,0.0000,0.0000,0.0000,0.0000,0.0000,0.0000,0.0000,0.0000,0.0000,0.0000,0.7782,0.8451,0.0000,0.0000,0.4771,0.7782,0.0000,0.0000,0.0000,0.0000,0.0000,0.0000,0.0000,0.0000,0.0000,0.7782,1.1461,1.3617,1.08
54388,1.6021,1.1139,2.2279,2.5999,3.8955,3.6501,2.0719,1.9956,2.0374,1.3222,4.4264,1.3222,1.2553,3.8655,1.0792,1.0792,1.0792,3.3934,0.6021,3.1641,0.0000,3.2143,0.4771,3.0565,0.0000,1.0792,3.8655,1.0792,1.0792,0.6021,0.9031,1.0792,2.0043,2.5575,2.9138,3.0734,234
54886,1.2788,1.1139,2.4857,3.1062,1.4624,1.3424,0.3365,0.3365,0.0000,0.0000,0.0000,0.0000,0.0000,0.0000,0.0000,0.0000,0.0000,0.0000,0.0000,0.6532,0.0000,0.0000,0.0000,0.6532,0.0000,0.0000,0.0000,0.0000,0.0000,0.0000,0.0000,0.0000,0.7251,0.8579,1.2109,1.2350,5
61285,0.9031,1.1139,2.6263,3.2767,3.4930,3.2098,2.1553,2.1038,1.8388,1.4624,4.3639,1.4624,1.4314,4.1656,1.3979,1.3979,1.3979,0.0000,1.3802,2.9289,0.3010,0.0000,1.2304,2.7267,0.3010,1.3979,4.1656,1.3979,1.3979,0.7782,1.0792,1.3979,2.2041,2.7566,2.9074,2.9628,213
70270,1.0792,1.1139,2.1072,3.0792,2.3181,1.9638,0.0000,0.0000,1.0000,0.0000,0.0000,0.0000,0.0000,0.0000,0.0000,0.0000,0.0000,0.0000,0.0000,1.7324,0.0000,0.0000,0.0000,1.5051,0.0000,0.0000,0.0000,0.0000,0.0000,0.0000,0.0000,0.0000,0.0000,0.0000,0.0000,0.0000,0
75949,1.5315,1.0414,1.9138,3.2632,1.9777,1.8325,0.6021,0.6021,0.6990,0.0000,0.0000,0.0000,0.0000,0.0000,0.0000,0.0000,0.0000,1.4472,0.3010,0.9542,0.0000,1.4150,0.3010,0.9542,0.0000,0.0000,0.0000,0.0000,0.0000,0.0000,0.0000,0.0000,0.6021,0.7782,1.1761,1.3010,7
81244,1.6021,1.1139,2.6243,3.2550,2.8615,2.6314,1.1761,1.0792,1.2304,0.4771,3.7129,0.4771,0.4771,3.3754,0.3010,0.3010,0.3010,0.4771,0.0000,2.2989,0.0000,0.4771,0.0000,2.0864,0.0000,0.3010,3.3754,0.3010,0.3010,0.0000,0.0000,0.3010,0.9542,1.3010,1.5441,1.7404,13
81229,1.6021,1.1139,2.7796,2.9090,1.0607,1.0607,0.5224,0.5224,0.0000,0.0000,0.0000,0.0000,0.0000,0.0000,0.0000,0.0000,0.0000,0.0000,0.0000,0.6532,0.0000,0.0000,0.0000,0.6532,0.0000,0.0000,0.0000,0.0000,0.0000,0.0000,0.0000,0.0000,0.3181,0.6128,0.7903,0.8802,0
88120,1.6021,1.1139,2.7745,3.3124,1.5051,1.4150,0.4771,0.4771,0.0000,0.0000,0.0000,0.0000,0.0000,0.0000,0.0000,0.0000,0.0000,0.0000,0.0000,1.1761,0.0000,0.0000,0.0000,1.0792,0.0000,0.0000,0.0000,0.0000,0.0000,0.0000,0.0000,0.0000,0.6990,1.0414,1.3222,1.9777,2
89362,1.5798,1.0792,2.6821,3.2030,2.0253,1.6628,0.8451,0.8451,0.3010,0.4771,3.0672,0.4771,0.4771,2.2185,0.3010,0.3010,0.3010,0.0000,0.6990,1.2041,0.0000,0.0000,0.6990,1.0000,0.0000,0.3010,2.2185,0.3010,0.3010,0.0000,0.3010,0.3010,1.2788,1.8513,1.9395,2.5250,12
93019,1.6021,1.1139,2.8357,1.0000,2.1987,1.9031,0.7782,0.7782,0.6021,0.0000,0.0000,0.0000,0.0000,0.0000,0.0000,0.0000,0.0000,0.0000,0.0000,1.6628,0.0000,0.0000,0.0000,1.4150,0.0000,0.0000,0.0000,0.0000,0.0000,0.0000,0.0000,0.0000,0.0000,0.4771,1.6313,1.8040,9
100267,1.6021,1.1139,2.1761,2.7356,2.7292,2.5119,1.2041,1.1761,1.0792,0.6990,3.3948,0.6990,0.6021,2.5702,0.3010,0.3010,0.3010,0.0000,0.6021,2.0645,0.0000,0.0000,0.6021,1.9731,0.0000,0.3010,2.5702,0.3010,0.3010,0.0000,0.3010,0.3010,1.2041,2.0934,2.4393,2.6776,27
108475,0.9031,1.1139,2.8357,1.0000,1.7243,1.4771,0.4771,0.4771,0.3010,0.0000,0.0000,0.0000,0.0000,0.0000,0.0000,0.0000,0.0000,0.0000,0.0000,0.9031,0.0000,0.0000,0.0000,0.8451,0.0000,0.0000,0.0000,0.0000,0.0000,0.0000,0.0000,0.0000,0.0000,0.4771,0.7782,1.0000,2
111406,1.3424,1.0792,2.6263,3.1550,2.0828,1.9085,0.3010,0.3010,0.4771,0.0000,0.0000,0.0000,0.0000,0.0000,0.0000,0.0000,0.0000,0.0000,0.0000,1.4914,0.0000,0.0000,0.0000,1.4472,0.0000,0.0000,0.0000,0.0000,0.0000,0.0000,0.0000,0.0000,1.2788,1.6990,2.1703,2.3732,0
110680,1.1461,0.3010,2.7459,2.7839,2.1614,1.8633,0.6990,0.6990,0.3010,0.3010,3.1288,0.3010,0.3010,2.8409,0.3010,0.3010,0.3010,0.0000,0.0000,0.9542,0.0000,0.0000,0.0000,0.8451,0.0000,0.3010,2.8409,0.3010,0.3010,0.0000,0.0000,0.3010,0.6021,1.3010,1.5911,1.7924,6
119041,1.6021,1.1139,2.7993,2.3909,3.7759,3.5722,1.6721,1.6021,1.7782,1.0792,4.1290,1.0792,1.0792,3.4449,0.7782,0.7782,0.7782,2.5224,1.0792,2.6911,0.0000,2.3617,1.0792,2.5539,0.0000,0.7782,3.4449,0.7782,0.7782,0.3010,0.3010,0.7782,1.7924,2.4487,2.8280,2.9899,56
5141,1.3617,0.6990,2.8075,3.1113,3.1962,2.8949,1.3222,1.2788,0.9542,1.3617,3.2605,1.3979,1.3222,3.2350,1.3010,1.3424,1.3010,0.0000,1.3979,2.6693,0.0000,0.0000,1.3222,2.4955,0.0000,1.3010,3.2350,1.3424,1.3010,0.4771,0.6021,1.3424,2.2148,2.5670,2.8136,2.9647,94
13112,1.4314,0.9542,2.7059,2.8306,3.7106,3.4600,1.7993,1.7243,2.1106,1.6902,4.6367,1.7076,1.5911,4.4004,1.4771,1.5051,1.4771,0.3010,1.2553,2.0899,3.1611,0.3010,1.0414,1.8865,3.0469,0.4771,3.2396,0.4771,0.4771,0.0000,0.0000,0.4771,1.6990,2.2923,2.5999,2.9713,98
14714,1.2788,1.1139,2.4857,2.6893,3.6844,3.5296,1.1761,1.1761,1.8573,1.1139,4.7122,1.1139,1.0000,3.7867,0.6990,0.6990,0.6990,0.0000,0.9542,1.5441,3.4553,0.0000,0.8451,1.4150,3.3965,0.0000,0.0000,0.0000,0.0000,0.0000,0.0000,0.0000,0.0000,0.0000,0.0000,0.0000,13
15200,1.5563,1.1461,2.7559,1.8573,2.3160,2.1584,0.4771,0.4771,0.8451,0.7782,3.9441,0.9031,0.6990,3.0993,0.3010,0.3010,0.3010,0.0000,0.4771,1.9191,0.0000,0.0000,0.3010,1.8451,0.0000,0.3010,3.0993,0.3010,0.3010,0.0000,0.3010,0.3010,0.9031,1.3222,1.7160,1.8513,5
120347,0.6990,1.0792,2.7649,3.2989,2.9375,2.6776,1.3979,1.3222,1.3617,0.3010,2.8531,0.3010,0.3010,2.8531,0.3010,0.3010,0.3010,0.0000,0.6990,2.1239,0.0000,0.0000,0.6021,1.9912,0.0000,0.3010,2.8531,0.3010,0.3010,0.0000,0.0000,0.3010,1.1461,1.8261,2.0724,2.2473,10
151025,1.6021,1.1139,2.7993,2.3909,3.7793,3.5760,1.7559,1.6335,1.7782,0.6990,3.7644,0.6990,0.6990,3.1504,0.6021,0.6021,0.6021,2.5224,1.0792,2.6937,0.0000,2.3674,1.0792,2.5551,0.0000,0.6021,3.1504,0.6021,0.6021,0.3010,0.4771,0.6021,1.5682,2.5391,2.9628,3.1864,61
18435,1.5185,1.0792,2.7993,3.1870,2.0569,1.8325,0.6021,0.4771,0.4771,0.0000,0.0000,0.0000,0.0000,0.0000,0.0000,0.0000,0.0000,0.0000,0.0000,1.4771,0.0000,0.0000,0.0000,1.3802,0.0000,0.0000,0.0000,0.0000,0.0000,0.0000,0.0000,0.0000,0.7782,1.3424,1.6128,1.7634,2
25455,1.5798,1.0792,2.6866,3.2931,1.7993,1.5563,0.0000,0.0000,0.4771,0.0000,0.0000,0.0000,0.0000,0.0000,0.0000,0.0000,0.0000,0.0000,0.9031,1.3010,0.0000,0.0000,0.3010,1.1139,0.0000,0.0000,0.0000,0.0000,0.0000,0.0000,0.0000,0.0000,0.0000,0.6990,0.9031,1.2304,2
31275,1.1461,0.3010,2.2380,3.2138,1.7634,1.5911,0.6990,0.6990,0.4771,0.4771,3.3437,0.4771,0.3010,0.0000,0.0000,0.0000,0.0000,0.0000,0.3010,0.7782,0.0000,0.0000,0.3010,0.7782,0.0000,0.0000,0.0000,0.0000,0.0000,0.0000,0.0000,0.0000,0.3010,0.6990,0.8451,1.1461,7
62940,0.9031,1.1139,2.5922,3.3147,2.8420,2.6160,1.3424,1.2788,1.1761,0.6990,3.9507,0.6990,0.6990,3.8082,0.6990,0.6990,0.6990,1.8261,0.6990,2.2430,0.0000,1.7324,0.6990,2.0414,0.0000,0.6990,3.8082,0.6990,0.6990,0.0000,0.4771,0.6990,1.1461,1.6435,2.0128,2.1987,24
132849,1.1461,0.3010,2.7348,3.2266,3.6151,3.3906,1.1461,1.1139,2.6138,0.6021,3.8222,0.6021,0.6021,3.2387,0.3010,0.3010,0.3010,2.0719,1.1139,2.4183,1.1761,1.9445,1.1139,2.2201,1.0414,0.3010,3.2387,0.3010,0.3010,0.3010,0.3010,0.3010,0.4771,1.5798,2.1959,2.2765,6
144954,1.5185,1.0792,2.3711,2.3617,1.5798,1.4150,0.0000,0.0000,0.3010,0.0000,0.0000,0.0000,0.0000,0.0000,0.0000,0.0000,0.0000,0.0000,0.0000,0.6990,0.0000,0.0000,0.0000,0.6990,0.0000,0.0000,0.0000,0.0000,0.0000,0.0000,0.0000,0.0000,0.0000,0.6021,0.8451,1.0792,0
147255,0.9031,1.1139,2.3711,2.4871,1.9777,1.8388,0.0000,0.0000,0.0000,0.0000,0.0000,0.0000,0.0000,0.0000,0.0000,0.0000,0.0000,1.6435,0.0000,1.2304,0.0000,1.5682,0.0000,1.0792,0.0000,0.0000,0.0000,0.0000,0.0000,0.0000,0.0000,0.0000,0.3010,0.6021,1.0000,1.1139,0
149943,1.3617,0.6990,1.6232,2.8215,2.0792,1.7733,0.5224,0.5224,0.6532,0.3365,2.0589,0.3365,0.3365,2.0210,0.3365,0.3365,0.3365,0.0000,0.5224,1.5272,0.0000,0.0000,0.5224,1.3424,0.0000,0.3365,2.0210,0.3365,0.3365,0.0000,0.0000,0.3365,0.9315,1.1898,1.3872,1.4518,1
149598,1.3424,1.0792,2.6263,2.3820,2.4265,2.2068,0.8451,0.7782,0.6990,0.4771,3.8098,0.4771,0.3010,3.2079,0.3010,0.3010,0.3010,0.0000,0.0000,1.0792,0.7782,0.0000,0.0000,1.0000,0.3010,0.3010,3.2079,0.3010,0.3010,0.3010,0.3010,0.3010,0.4771,1.1139,1.5315,1.6628,8
148668,1.5798,1.0792,2.6821,2.8627,2.3444,1.9138,0.6021,0.6021,0.8451,0.3010,2.7484,0.3010,0.3010,2.3045,0.3010,0.3010,0.3010,0.8451,0.0000,0.9542,0.0000,0.7782,0.0000,0.8451,0.0000,0.3010,2.3045,0.3010,0.3010,0.0000,0.0000,0.3010,0.6990,1.0792,1.7404,2.0719,3
149832,1.6021,1.1139,2.2279,3.2420,1.8513,1.5315,0.3010,0.3010,0.3010,0.0000,0.0000,0.0000,0.0000,0.0000,0.0000,0.0000,0.0000,0.0000,0.0000,1.4624,0.0000,0.0000,0.0000,1.1139,0.0000,0.0000,0.0000,0.0000,0.0000,0.0000,0.0000,0.0000,0.0000,1.1139,1.9350,2.2872,1
150528,1.5798,1.0792,2.6821,3.2690,2.4082,2.0086,0.3010,0.3010,0.6021,0.6021,3.1228,0.6021,0.4771,2.8446,0.6021,0.6021,0.4771,0.0000,0.7782,1.3222,0.3010,0.0000,0.7782,1.2553,0.3010,0.6021,2.8446,0.6021,0.4771,0.3010,0.3010,0.6021,1.2553,1.6721,1.9270,2.1014,6
154002,1.1461,0.3010,2.7084,3.1970,2.8470,2.6031,1.1761,1.1461,1.0000,0.3010,3.3018,0.3010,0.3010,0.0000,0.0000,0.0000,0.0000,0.0000,0.3010,2.4409,0.0000,0.0000,0.3010,2.2577,0.0000,0.0000,0.0000,0.0000,0.0000,0.0000,0.0000,0.0000,0.9031,1.2586,1.5477,1.7196,6
159483,1.5185,1.0792,2.6263,3.2071,2.0934,1.8513,0.6021,0.6021,0.3010,0.0000,0.0000,0.0000,0.0000,0.0000,0.0000,0.0000,0.0000,0.0000,0.0000,1.3979,0.0000,0.0000,0.0000,1.3010,0.0000,0.0000,0.0000,0.0000,0.0000,0.0000,0.0000,0.0000,0.3010,1.7076,2.0155,2.1902,15
167001,1.3617,0.6990,2.7597,2.8395,1.5315,1.1761,0.3010,0.3010,0.0000,0.3010,2.7620,0.3010,0.3010,2.4573,0.3010,0.3010,0.3010,0.0000,0.0000,0.8451,0.0000,0.0000,0.0000,0.7782,0.0000,0.3010,2.4573,0.3010,0.3010,0.3010,0.3010,0.3010,1.0414,1.3979,1.7055,1.8787,6
35134,1.5315,1.0414,2.4624,2.6571,3.2815,2.9699,1.0000,1.0000,1.0000,0.3010,3.7253,0.3010,0.3010,2.9338,0.3010,0.3010,0.3010,0.0000,0.3010,3.0158,0.0000,0.0000,0.3010,2.5682,0.0000,0.3010,2.9338,0.3010,0.3010,0.0000,0.0000,0.3010,1.3010,1.9731,2.3263,2.4624,10
33172,1.5798,1.0792,2.6821,2.5328,2.7505,2.4425,0.8451,0.7782,0.7782,0.9031,3.6216,0.9031,0.8451,3.2304,0.8451,0.8451,0.8451,1.7243,1.0792,1.9777,0.0000,1.5798,1.0414,1.8261,0.0000,0.8451,3.2304,0.8451,0.8451,0.3010,0.6990,0.8451,1.6021,2.2455,2.7490,3.0232,21
54661,1.5185,1.0792,2.3541,1.9542,1.6128,1.4314,0.0000,0.0000,0.4771,0.0000,0.0000,0.0000,0.0000,0.0000,0.0000,0.0000,0.0000,0.0000,0.0000,1.2788,0.0000,0.0000,0.0000,1.1139,0.0000,0.0000,0.0000,0.0000,0.0000,0.0000,0.0000,0.0000,0.0000,0.0000,0.7839,0.9689,0
65836,1.3617,0.6990,0.6021,2.7559,0.4393,0.4393,0.0000,0.0000,0.0000,0.0000,0.0000,0.0000,0.0000,0.0000,0.0000,0.0000,0.0000,0.0000,0.0000,0.0000,0.0000,0.0000,0.0000,0.0000,0.0000,0.0000,0.0000,0.0000,0.0000,0.0000,0.0000,0.0000,0.5798,0.9138,1.0342,1.3854,0
69106,1.6021,1.1139,2.6263,3.2767,4.0687,3.7902,2.2430,2.1303,2.2330,1.7160,4.9237,1.7243,1.6532,4.2356,1.5315,1.5441,1.5315,3.1392,1.6435,2.7619,0.6990,2.9375,1.5315,2.5911,0.6021,1.5315,4.2356,1.5441,1.5315,1.1461,1.3617,1.5441,2.1492,2.3946,2.6947,2.8705,172
67936,1.4314,0.9542,1.9031,2.6170,3.6356,3.3596,2.2765,2.2041,2.0043,1.6902,4.4819,1.6990,1.6812,3.8409,1.5441,1.5441,1.5441,0.0000,2.6201,2.8998,0.0000,0.0000,2.5658,2.6981,0.0000,1.5441,3.8409,1.5441,1.5441,1.1761,1.3010,1.5441,2.5599,3.1082,3.4145,3.4325,530
79996,1.1461,0.3010,2.7084,2.8306,3.6163,3.3659,1.9085,1.7924,1.8573,0.9542,4.8439,0.9542,0.9542,4.3033,0.6021,0.6021,0.6021,0.0000,0.6990,2.7980,1.1139,0.0000,0.6990,2.5798,0.9031,0.6021,4.3033,0.6021,0.6021,0.0000,0.4771,0.6021,0.9031,1.3617,1.6902,1.9445,14
81520,1.5798,1.0792,2.6821,2.8627,3.0678,2.7419,0.7782,0.7782,1.3010,0.9031,3.4856,0.9031,0.9031,3.0180,0.8451,0.8451,0.8451,2.4814,0.6021,1.9731,0.0000,2.2201,0.3010,1.8451,0.0000,0.8451,3.0180,0.8451,0.8451,0.4771,0.4771,0.8451,1.5798,1.9191,2.0792,2.2175,10
82894,1.6021,1.1139,2.2279,2.9159,1.4796,1.3187,0.3365,0.3365,0.0000,0.0000,0.0000,0.0000,0.0000,0.0000,0.0000,0.0000,0.0000,0.0000,0.0000,1.1408,0.0000,0.0000,0.0000,1.0141,0.0000,0.0000,0.0000,0.0000,0.0000,0.0000,0.0000,0.0000,0.0000,0.3075,0.4969,0.5011,0
86953,1.2553,1.1139,2.6243,3.2550,1.9395,1.6721,0.0000,0.0000,0.8451,0.0000,0.0000,0.0000,0.0000,0.0000,0.0000,0.0000,0.0000,0.0000,0.3010,0.9031,0.0000,0.0000,0.3010,0.9031,0.0000,0.0000,0.0000,0.0000,0.0000,0.0000,0.0000,0.0000,0.0000,0.4771,0.4771,0.4771,0
89185,1.6021,1.1139,2.6263,3.2256,4.0869,3.8325,2.2695,2.1903,2.2577,1.4771,4.6814,1.4771,1.4472,4.0134,1.2553,1.2553,1.2553,0.6021,1.9685,3.4163,0.6990,0.6021,1.8513,3.2639,0.4771,1.2553,4.0134,1.2553,1.2553,0.8451,0.9542,1.2553,2.5038,3.2398,3.6184,3.7632,399
92542,1.1761,0.9031,2.6263,1.7559,2.5132,2.3284,1.0000,0.9542,0.3010,0.0000,0.0000,0.0000,0.0000,0.0000,0.0000,0.0000,0.0000,0.0000,0.0000,1.8865,0.0000,0.0000,0.0000,1.8129,0.0000,0.0000,0.0000,0.0000,0.0000,0.0000,0.0000,0.0000,0.3365,1.0686,1.3758,1.4866,2
96283,1.5185,1.0792,2.7993,2.2810,1.1408,1.1028,0.0000,0.0000,0.0000,0.0000,0.0000,0.0000,0.0000,0.0000,0.0000,0.0000,0.0000,0.0000,0.3365,0.6532,0.0000,0.0000,0.3365,0.6532,0.0000,0.0000,0.0000,0.0000,0.0000,0.0000,0.0000,0.0000,0.0000,0.4871,1.0481,1.3056,1.08
99577,1.3424,1.0792,1.9445,3.2951,2.3909,2.1614,0.3010,0.3010,0.4771,0.0000,0.0000,0.0000,0.0000,0.0000,0.0000,0.0000,0.0000,1.4914,0.0000,1.8865,0.0000,1.4150,0.0000,1.7324,0.0000,0.0000,0.0000,0.0000,0.0000,0.0000,0.0000,0.0000,0.4771,1.0792,1.5798,1.7160,2
103198,1.2553,1.1139,2.6160,3.1758,1.8976,1.4914,0.0000,0.0000,0.3010,0.3010,3.9964,0.3010,0.3010,3.7255,0.3010,0.3010,0.3010,0.0000,0.0000,0.0000,0.0000,0.0000,0.0000,0.0000,0.0000,0.3010,3.7255,0.3010,0.3010,0.0000,0.0000,0.3010,0.3010,0.6021,0.9031,1.1139,1
113035,1.2553,1.1139,2.6263,3.3274,0.6532,0.6532,0.0000,0.0000,0.0000,0.4393,4.3716,0.4393,0.4393,0.0000,0.0000,0.0000,0.0000,0.0000,0.0000,0.4393,0.0000,0.0000,0.0000,0.4393,0.0000,0.0000,0.0000,0.0000,0.0000,0.0000,0.0000,0.0000,0.0000,0.0000,0.0000,0.0000,1.17
113881,1.3424,1.0792,2.8669,2.7782,1.5272,1.0607,0.0000,0.0000,0.0000,0.0000,0.0000,0.0000,0.0000,0.0000,0.0000,0.0000,0.0000,0.0000,0.0000,0.7536,0.0000,0.0000,0.0000,0.3365,0.0000,0.0000,0.0000,0.0000,0.0000,0.0000,0.0000,0.0000,0.3181,0.3075,0.4814,0.6053,0
124837,1.5798,1.0792,2.6821,2.8627,3.0980,2.7774,0.6021,0.6021,1.4150,0.6021,2.9917,0.6021,0.6021,2.6819,0.6021,0.6021,0.6021,2.5302,0.6990,2.0645,0.0000,2.2967,0.4771,1.9590,0.0000,0.6021,2.6819,0.6021,0.6021,0.0000,0.3010,0.6021,1.4624,1.7634,2.0569,2.1673,8
127018,1.5798,1.0792,2.6821,2.5328,2.7490,2.4425,0.9031,0.8451,0.7782,0.7782,3.4648,0.7782,0.7782,3.0358,0.6990,0.6990,0.6990,1.7243,1.0792,1.9777,0.0000,1.5798,1.0414,1.8261,0.0000,0.6990,3.0358,0.6990,0.6990,0.0000,0.6021,0.6990,1.4914,2.1903,3.0426,3.2386,17
127693,1.5798,1.0792,2.6821,2.8287,1.0334,1.0334,0.0000,0.0000,0.0000,0.0000,0.0000,0.0000,0.0000,0.0000,0.0000,0.0000,0.0000,0.5798,0.3802,0.7160,0.0000,0.5798,0.3802,0.7160,0.0000,0.0000,0.0000,0.0000,0.0000,0.0000,0.0000,0.0000,0.5224,0.9809,1.2927,1.6628,1
125935,0.9031,1.1139,2.6243,3.2550,2.8555,2.5944,1.0414,0.9542,1.0792,0.0000,0.0000,0.0000,0.0000,0.0000,0.0000,0.0000,0.0000,0.6021,0.3010,1.9868,0.0000,0.6021,0.3010,1.7993,0.0000,0.0000,0.0000,0.0000,0.0000,0.0000,0.0000,0.0000,0.4771,1.1461,1.3617,1.6021,8
9089,1.0792,1.1139,2.7917,2.6532,0.9031,0.9031,0.0000,0.0000,0.0000,0.0000,0.0000,0.0000,0.0000,0.0000,0.0000,0.0000,0.0000,0.0000,0.0000,0.7536,0.0000,0.0000,0.0000,0.7536,0.0000,0.0000,0.0000,0.0000,0.0000,0.0000,0.0000,0.0000,0.0000,0.0000,0.0000,0.0000,0
11534,1.1761,0.9031,2.6263,2.7642,3.0959,2.8768,0.0000,0.0000,0.9542,0.0000,0.0000,0.0000,0.0000,0.0000,0.0000,0.0000,0.0000,0.3010,0.7782,2.4829,0.0000,0.3010,0.7782,2.2553,0.0000,0.0000,0.0000,0.0000,0.0000,0.0000,0.0000,0.0000,0.0000,1.8261,2.2742,2.4116,7
129257,1.5563,1.1461,2.0453,2.7686,4.0154,3.7183,2.0000,1.9542,1.9191,1.6532,5.9081,1.6532,1.5798,5.2265,1.2041,1.2041,1.1761,0.4771,1.8062,3.4470,1.2304,0.4771,1.6812,3.2507,1.1461,1.2041,5.2265,1.2041,1.1761,0.6990,1.0000,1.2041,2.0864,2.4265,2.6503,2.8102,87
7716,0.9031,1.1139,2.7924,2.9759,2.7152,2.5185,1.3222,1.3010,1.1139,0.9031,3.6428,0.9031,0.9031,3.4077,0.7782,0.7782,0.7782,0.0000,0.6021,2.1367,0.0000,0.0000,0.6021,2.0374,0.0000,0.7782,3.4077,0.7782,0.7782,0.3010,0.4771,0.7782,1.4914,1.9243,2.1959,2.3802,22
18063,1.2553,1.1139,2.6243,3.2550,2.7168,2.5276,0.6021,0.6021,1.5185,0.0000,0.0000,0.0000,0.0000,0.0000,0.0000,0.0000,0.0000,0.0000,0.0000,1.0792,0.3010,0.0000,0.0000,1.0000,0.3010,0.0000,0.0000,0.0000,0.0000,0.0000,0.0000,0.0000,0.0000,0.0000,0.0000,0.0000,0
19869,1.4314,0.9542,2.6274,2.9859,3.2143,3.0500,1.0792,1.0792,1.3617,0.0000,0.0000,0.0000,0.0000,0.0000,0.0000,0.0000,0.0000,3.1345,0.0000,1.6721,0.0000,3.0107,0.0000,1.4771,0.0000,0.0000,0.0000,0.0000,0.0000,0.0000,0.0000,0.0000,0.3010,0.6990,1.6532,2.1847,1
30087,1.2788,1.1139,2.6263,3.1617,1.0607,1.0141,0.3365,0.3365,0.0000,0.0000,0.0000,0.0000,0.0000,0.0000,0.0000,0.0000,0.0000,0.0000,0.0000,0.3365,0.0000,0.0000,0.0000,0.3365,0.0000,0.0000,0.0000,0.0000,0.0000,0.0000,0.0000,0.0000,0.3181,0.6128,0.7497,0.8987,0
32715,1.2304,0.6990,2.6474,3.1038,0.6532,0.6532,0.0000,0.0000,0.0000,0.0000,0.0000,0.0000,0.0000,0.0000,0.0000,0.0000,0.0000,0.0000,0.0000,0.6532,0.0000,0.0000,0.0000,0.6532,0.0000,0.0000,0.0000,0.0000,0.0000,0.0000,0.0000,0.0000,0.4771,0.4265,1.1139,1.3531,0
61695,0.9031,1.1139,2.5159,3.1504,3.0931,2.9727,1.6128,1.4771,2.2095,1.7709,5.1404,1.7709,1.7634,4.7486,1.7482,1.7482,1.7482,2.8376,0.6990,2.4757,0.0000,2.7559,0.6990,2.3874,0.0000,1.7482,4.7486,1.7482,1.7482,1.4472,1.6721,1.7482,1.8451,1.9638,2.2935,2.4688,12
58119,1.4314,0.9542,2.1367,2.6474,2.8122,2.4900,1.5441,1.4771,1.1761,1.2304,4.5899,1.2304,1.1139,3.9188,0.9542,0.9542,0.9031,0.3010,0.8451,1.8451,0.3010,0.3010,0.8451,1.6721,0.3010,0.9542,3.9188,0.9542,0.9031,0.4771,0.6990,0.9542,1.6990,2.0414,2.3307,2.5062,55
131934,1.5185,1.0792,2.6263,3.1617,1.4796,1.3187,0.6532,0.5224,0.0000,0.0000,0.0000,0.0000,0.0000,0.0000,0.0000,0.0000,0.0000,0.0000,0.0000,0.5224,0.0000,0.0000,0.0000,0.5224,0.0000,0.0000,0.0000,0.0000,0.0000,0.0000,0.0000,0.0000,0.6263,0.7110,1.0860,1.4196,1.08
136017,1.5563,1.1461,1.9395,2.8943,2.9085,2.5428,1.3979,1.3010,1.2041,0.6021,4.1035,0.6021,0.6021,0.0000,0.0000,0.0000,0.0000,0.4771,0.8451,2.1875,0.3010,0.4771,0.6990,1.9777,0.3010,0.0000,0.0000,0.0000,0.0000,0.0000,0.0000,0.0000,1.3802,1.6532,1.7076,1.8070,19
142782,1.6021,1.1139,2.7993,1.0792,2.7559,2.5611,0.8451,0.7782,0.6990,0.3010,3.1564,0.3010,0.3010,2.8777,0.3010,0.3010,0.3010,2.2718,0.3010,1.9956,0.0000,2.1614,0.3010,1.8325,0.0000,0.3010,2.8777,0.3010,0.3010,0.0000,0.0000,0.3010,0.8451,1.4150,1.7782,2.0212,9
154815,1.2553,1.1139,2.5809,1.6902,0.0000,0.0000,0.0000,0.0000,0.0000,0.0000,0.0000,0.0000,0.0000,0.0000,0.0000,0.0000,0.0000,0.0000,0.0000,0.0000,0.0000,0.0000,0.0000,0.0000,0.0000,0.0000,0.0000,0.0000,0.0000,0.0000,0.0000,0.0000,0.0000,0.0000,0.0000,0.0000,0
167715,1.1461,0.3010,1.5563,3.2574,4.6853,4.4434,3.0362,2.9805,3.1059,2.4249,5.6981,2.4314,2.3444,5.0075,2.0043,2.0086,1.9912,3.3004,2.1139,2.9159,0.9542,3.0899,1.9445,2.6821,0.7782,2.0043,5.0075,2.0086,1.9912,1.5682,1.8325,2.0086,2.4683,2.8893,3.0927,3.1931,432
727,1.3424,1.0792,2.7649,3.2989,3.9364,3.6521,2.2122,2.0719,2.0414,1.2041,4.6679,1.2304,1.1461,4.2087,0.9031,0.9031,0.9031,2.8357,1.4771,3.0867,0.4771,2.6955,1.4314,2.9232,0.4771,0.9031,4.2087,0.9031,0.9031,0.6021,0.6990,0.9031,1.7243,2.2253,2.3909,2.6484,74
22282,1.1761,0.9031,2.2380,3.2138,2.7796,2.5250,0.9542,0.9542,0.0000,0.3010,3.2115,0.3010,0.3010,2.9454,0.3010,0.3010,0.3010,0.0000,1.0414,1.8976,0.0000,0.0000,0.9542,1.7634,0.0000,0.3010,2.9454,0.3010,0.3010,0.0000,0.3010,0.3010,1.2553,1.6128,1.8513,2.0374,13
43429,1.5798,1.0792,1.8751,3.0737,2.0569,1.6335,0.9031,0.7782,0.6990,0.6021,3.2175,0.6021,0.6021,2.8794,0.6021,0.6021,0.6021,0.0000,0.4771,1.0000,0.0000,0.0000,0.4771,1.0000,0.0000,0.6021,2.8794,0.6021,0.6021,0.0000,0.3010,0.6021,1.1139,1.5563,1.9912,2.2553,8
50887,1.4314,0.9542,2.2695,3.0233,3.5092,3.2867,2.0170,1.9542,1.7160,1.5185,4.8754,1.5185,1.4771,4.3995,1.3802,1.3802,1.3802,1.4314,1.9542,2.6180,0.0000,1.3424,1.9138,2.5051,0.0000,1.3802,4.3995,1.3802,1.3802,1.0000,1.1139,1.3802,2.1614,3.0531,3.3416,3.6447,120
50470,1.5798,1.0792,1.8751,3.0737,2.1173,1.7709,0.4771,0.4771,0.6990,0.0000,0.0000,0.0000,0.0000,0.0000,0.0000,0.0000,0.0000,0.0000,0.6021,1.1139,0.0000,0.0000,0.4771,1.0792,0.0000,0.0000,0.0000,0.0000,0.0000,0.0000,0.0000,0.0000,0.0000,0.3010,0.6990,0.8451,0
47662,1.2553,1.1139,2.6263,3.2256,1.3222,1.2041,0.6021,0.6021,0.4771,0.0000,0.0000,0.0000,0.0000,0.0000,0.0000,0.0000,0.0000,0.0000,0.0000,0.7782,0.0000,0.0000,0.0000,0.7782,0.0000,0.0000,0.0000,0.0000,0.0000,0.0000,0.0000,0.0000,0.6990,0.9809,1.2586,1.4267,3
52564,1.5185,1.0792,2.3424,3.3145,3.3818,3.1772,1.5682,1.5315,1.4771,0.6990,4.1760,0.6990,0.6990,3.6308,0.6021,0.6021,0.6021,2.5145,0.9542,2.2923,0.0000,2.3365,0.7782,2.1553,0.0000,0.6021,3.6308,0.6021,0.6021,0.3010,0.3010,0.6021,1.3979,1.6435,2.0294,2.2529,28
59548,1.3424,1.0792,1.9445,2.9741,1.8217,1.6335,0.0000,0.0000,0.5224,0.0000,0.0000,0.0000,0.0000,0.0000,0.0000,0.0000,0.0000,0.0000,0.0000,1.2672,0.0000,0.0000,0.0000,1.0607,0.0000,0.0000,0.0000,0.0000,0.0000,0.0000,0.0000,0.0000,0.0000,0.7110,0.7110,0.7903,0
61294,1.3424,1.0792,2.5441,2.4249,1.4624,1.3617,0.0000,0.0000,0.3010,0.0000,0.0000,0.0000,0.0000,0.0000,0.0000,0.0000,0.0000,0.0000,0.0000,1.0414,0.0000,0.0000,0.0000,0.9542,0.0000,0.0000,0.0000,0.0000,0.0000,0.0000,0.0000,0.0000,0.3010,0.6990,0.6990,0.9031,2
61390,1.2553,1.1139,2.6263,3.2767,3.0445,2.8096,0.6990,0.6990,1.3979,0.6021,4.0841,0.6021,0.4771,3.6064,0.4771,0.4771,0.4771,0.0000,0.6021,2.0212,1.9638,0.0000,0.4771,1.8865,1.8451,0.4771,3.6064,0.4771,0.4771,0.3010,0.4771,0.4771,1.0792,1.6812,1.8921,1.9243,16
65023,1.3222,0.7782,2.6031,3.0000,1.3139,1.2504,0.0000,0.0000,0.0000,0.0000,0.0000,0.0000,0.0000,0.0000,0.0000,0.0000,0.0000,0.0000,0.0000,0.7160,0.0000,0.0000,0.0000,0.7160,0.0000,0.0000,0.0000,0.0000,0.0000,0.0000,0.0000,0.0000,0.0000,0.0000,0.0000,0.0000,0
77161,1.4314,0.9542,1.8388,3.1109,2.2810,2.1335,0.6990,0.6990,0.9031,0.0000,0.0000,0.0000,0.0000,0.0000,0.0000,0.0000,0.0000,1.2304,0.0000,1.5441,0.0000,1.2041,0.0000,1.4472,0.0000,0.0000,0.0000,0.0000,0.0000,0.0000,0.0000,0.0000,0.6990,0.9542,1.3617,1.7324,0
82606,1.2788,1.1139,2.5145,2.7966,2.3304,2.1004,1.0414,1.0414,0.8451,0.3010,3.1893,0.3010,0.3010,2.5534,0.3010,0.3010,0.3010,1.7324,0.6021,1.4472,0.0000,1.5911,0.6021,1.2041,0.0000,0.3010,2.5534,0.3010,0.3010,0.0000,0.0000,0.3010,0.8451,1.3010,1.7324,1.9445,8
82846,1.3617,0.6990,1.6232,2.8215,1.3424,1.1761,0.4771,0.4771,0.3010,0.0000,0.0000,0.0000,0.0000,0.0000,0.0000,0.0000,0.0000,0.0000,0.0000,0.6990,0.0000,0.0000,0.0000,0.6990,0.0000,0.0000,0.0000,0.0000,0.0000,0.0000,0.0000,0.0000,1.1461,1.5051,1.8195,1.9191,2.15
91291,1.2553,1.1139,2.6243,3.2550,1.8513,1.5315,0.3010,0.3010,0.7782,0.0000,0.0000,0.0000,0.0000,0.0000,0.0000,0.0000,0.0000,0.0000,0.0000,1.0000,0.0000,0.0000,0.0000,0.8451,0.0000,0.0000,0.0000,0.0000,0.0000,0.0000,0.0000,0.0000,0.0000,0.0000,0.0000,0.0000,0
99019,0.6990,1.0792,2.7084,2.2175,2.6628,2.4800,1.0792,1.0792,1.1461,0.6990,3.3816,0.6990,0.6990,3.3816,0.6990,0.6990,0.6990,0.0000,0.8451,2.2833,0.0000,0.0000,0.8451,2.1732,0.0000,0.6990,3.3816,0.6990,0.6990,0.4771,0.6021,0.6990,1.5185,2.1303,2.5599,2.7419,23
99376,1.3424,1.0792,2.6263,2.3820,1.5563,1.3222,0.0000,0.0000,0.0000,0.0000,0.0000,0.0000,0.0000,0.0000,0.0000,0.0000,0.0000,0.0000,0.0000,0.0000,0.0000,0.0000,0.0000,0.0000,0.0000,0.0000,0.0000,0.0000,0.0000,0.0000,0.0000,0.0000,1.3979,1.9191,2.2253,2.4472,0
105562,1.2553,1.1139,2.7924,2.9759,1.0000,0.9031,0.3010,0.3010,0.3010,0.0000,0.0000,0.0000,0.0000,0.0000,0.0000,0.0000,0.0000,0.0000,0.0000,0.6021,0.0000,0.0000,0.0000,0.6021,0.0000,0.0000,0.0000,0.0000,0.0000,0.0000,0.0000,0.0000,0.4983,0.5079,0.9741,1.0546,0
105613,1.5185,1.0792,2.6263,3.2256,1.8808,1.6721,0.3010,0.3010,0.3010,0.0000,0.0000,0.0000,0.0000,0.0000,0.0000,0.0000,0.0000,0.0000,0.0000,1.2041,0.0000,0.0000,0.0000,1.0000,0.0000,0.0000,0.0000,0.0000,0.0000,0.0000,0.0000,0.0000,0.4771,1.0414,1.4472,1.5315,1
103855,1.5798,1.0792,2.6821,3.1069,1.2672,1.0607,0.0000,0.0000,0.0000,0.0000,0.0000,0.0000,0.0000,0.0000,0.0000,0.0000,0.0000,0.0000,0.6532,0.0000,0.0000,0.0000,0.6532,0.0000,0.0000,0.0000,0.0000,0.0000,0.0000,0.3032,0.4281,0.0000,0.7536,1.0253,1.4342,1.7319,0
108124,1.3010,0.6990,2.8241,2.9685,1.6782,1.3424,0.3365,0.3365,0.5224,0.3365,2.6251,0.3365,0.3365,2.6251,0.3365,0.3365,0.3365,0.0000,0.0000,0.5224,0.0000,0.0000,0.0000,0.5224,0.0000,0.3365,2.6251,0.3365,0.3365,0.3979,0.3522,0.3365,0.3365,0.4969,0.6365,0.7782,0
107245,1.1461,0.3010,1.9138,3.1529,3.8670,3.6242,1.5563,1.5563,2.1614,0.4771,3.1178,0.4771,0.4771,2.5694,0.3010,0.3010,0.3010,0.0000,1.3010,3.0422,0.0000,0.0000,1.2553,2.9243,0.0000,0.3010,2.5694,0.3010,0.3010,0.3010,0.3010,0.3010,1.3802,1.8692,2.1461,2.2464,56
112381,1.2553,1.1139,2.6263,0.4771,1.4771,1.2788,0.0000,0.0000,0.4771,0.0000,0.0000,0.0000,0.0000,0.0000,0.0000,0.0000,0.0000,0.0000,0.0000,0.0000,0.0000,0.0000,0.0000,0.0000,0.0000,0.0000,0.0000,0.0000,0.0000,0.0000,0.0000,0.0000,0.0000,0.6021,0.9717,1.1323,0
119098,0.9031,1.1139,2.3096,3.2960,0.9890,0.9890,0.0000,0.0000,0.0000,0.0000,0.0000,0.0000,0.0000,0.0000,0.0000,0.0000,0.0000,0.0000,0.0000,0.7959,0.0000,0.0000,0.0000,0.7959,0.0000,0.0000,0.0000,0.0000,0.0000,0.0000,0.0000,0.0000,0.0000,0.0000,0.0000,0.0000,1.56
123628,1.5798,1.0792,2.6866,3.2931,2.7388,2.4281,0.8451,0.8451,0.9542,0.4771,2.8252,0.4771,0.4771,2.5147,0.4771,0.4771,0.4771,0.3010,0.0000,1.8976,0.0000,0.3010,0.0000,1.8062,0.0000,0.4771,2.5147,0.4771,0.4771,0.3010,0.3010,0.4771,0.9542,1.5798,2.1335,2.5551,9
123928,1.3424,1.0792,2.7084,2.8306,3.2648,3.0141,1.4771,1.4314,1.4150,0.9031,4.2890,0.9031,0.8451,3.6871,0.4771,0.4771,0.4771,0.0000,0.4771,2.5490,0.3010,0.0000,0.4771,2.2504,0.3010,0.4771,3.6871,0.4771,0.4771,0.0000,0.3010,0.4771,1.3979,1.9777,2.2330,2.6749,27
197,1.3424,1.0792,2.6263,3.3062,4.0470,3.8356,1.9777,1.9542,2.1818,1.6021,5.0386,1.6021,1.5051,4.3570,1.3222,1.3222,1.3222,0.3010,1.7324,2.1959,3.6818,0.3010,1.4914,1.9685,3.6189,0.4771,3.2557,0.4771,0.4771,0.3010,0.4771,0.4771,1.3979,2.0253,2.3997,2.5051,30
11108,1.3424,1.0792,2.6263,2.9279,3.8734,3.6410,1.3802,1.3010,1.9685,0.4771,3.7641,0.4771,0.4771,0.0000,0.0000,0.0000,0.0000,2.2480,2.1271,2.1523,1.3010,2.1987,2.0170,1.9823,1.1761,0.0000,0.0000,0.0000,0.0000,0.0000,0.0000,0.0000,0.7782,1.6335,2.0306,2.2053,44
68795,1.5185,1.0792,2.7993,2.9890,2.9708,2.6702,1.3617,1.3222,0.9031,0.6021,4.1159,0.6021,0.6021,3.5630,0.4771,0.4771,0.4771,0.4771,1.2304,2.2122,0.0000,0.4771,1.1761,2.1106,0.0000,0.4771,3.5630,0.4771,0.4771,0.3010,0.4771,0.4771,1.6021,2.3729,2.7459,2.9836,7
113465,1.4314,0.9542,2.7789,3.0154,2.1139,1.8573,0.0000,0.0000,0.6990,0.0000,0.0000,0.0000,0.0000,0.0000,0.0000,0.0000,0.0000,0.0000,0.4771,1.3222,0.0000,0.0000,0.4771,1.3010,0.0000,0.0000,0.0000,0.0000,0.0000,0.0000,0.0000,0.0000,0.0000,0.0000,1.2553,1.5051,0
111017,1.6021,1.1139,2.6096,3.1258,1.9031,1.6335,0.4771,0.4771,0.3010,0.0000,0.0000,0.0000,0.0000,0.0000,0.0000,0.0000,0.0000,0.0000,0.0000,0.8451,0.0000,0.0000,0.0000,0.6990,0.0000,0.0000,0.0000,0.0000,0.0000,0.0000,0.0000,0.0000,0.4771,0.9542,1.1761,1.4472,3
136034,1.2788,1.1139,2.8069,3.1248,1.4314,1.0000,0.0000,0.0000,0.0000,0.0000,0.0000,0.0000,0.0000,0.0000,0.0000,0.0000,0.0000,0.0000,0.3010,0.7782,0.0000,0.0000,0.3010,0.6021,0.0000,0.0000,0.0000,0.0000,0.0000,0.0000,0.0000,0.0000,0.0000,0.4771,0.6990,1.0149,1.08
151739,1.4314,0.9542,2.6263,3.1364,3.5310,3.2092,1.7782,1.6721,1.7324,0.8451,3.7957,0.8451,0.8451,3.6094,0.8451,0.8451,0.8451,1.7993,1.2788,2.8445,0.3010,1.6532,1.1139,2.5340,0.3010,0.8451,3.6094,0.8451,0.8451,0.4771,0.6021,0.8451,1.7482,2.2742,2.9069,3.1541,115
20499,1.6021,1.1139,2.6263,2.3766,1.4914,1.2041,0.0000,0.0000,0.4771,0.0000,0.0000,0.0000,0.0000,0.0000,0.0000,0.0000,0.0000,0.0000,0.0000,0.6990,0.0000,0.0000,0.0000,0.6990,0.0000,0.0000,0.0000,0.0000,0.0000,0.0000,0.0000,0.0000,0.0000,0.3010,0.4771,0.7782,0
24528,1.6021,1.1139,2.6263,3.2767,3.3111,2.9996,1.8062,1.7709,1.5798,1.2788,4.2182,1.3424,1.2788,3.8204,1.0414,1.0792,1.0414,0.0000,1.0792,2.5899,0.0000,0.0000,1.0414,2.4048,0.0000,1.0414,3.8204,1.0792,1.0414,0.7782,0.8451,1.0792,1.7853,2.4564,2.7490,2.8675,102
32754,1.3617,0.6990,2.8075,3.1113,2.0934,1.8573,0.6021,0.6021,0.3010,0.0000,0.0000,0.0000,0.0000,0.0000,0.0000,0.0000,0.0000,0.0000,0.3010,1.6721,0.0000,0.0000,0.3010,1.5315,0.0000,0.0000,0.0000,0.0000,0.0000,0.0000,0.0000,0.0000,0.9031,1.6021,2.0086,2.1523,10
31299,1.2553,1.1139,2.8241,2.6355,3.4975,3.2709,1.6902,1.6532,1.8513,0.9031,4.4649,0.9031,0.8451,4.3292,0.8451,0.8451,0.8451,1.2553,0.6990,1.7243,2.8820,1.1461,0.6990,1.5682,2.7987,0.0000,0.0000,0.0000,0.0000,0.0000,0.0000,0.0000,0.6021,1.6532,2.2148,2.4639,11
61143,1.5185,1.0792,2.6263,3.1550,2.6064,2.3962,0.9031,0.9031,0.9542,0.4771,3.4268,0.4771,0.4771,0.0000,0.0000,0.0000,0.0000,0.0000,0.0000,1.8388,0.3010,0.0000,0.0000,1.7924,0.3010,0.0000,0.0000,0.0000,0.0000,0.0000,0.0000,0.0000,1.0414,1.3424,1.5974,1.7698,11
134469,1.4314,0.9542,1.8195,3.0406,2.8932,2.6117,1.6128,1.3424,1.2788,1.1139,3.7658,1.1461,1.0414,3.1610,0.7782,0.7782,0.7782,0.3010,0.7782,2.0569,0.0000,0.3010,0.7782,1.9294,0.0000,0.7782,3.1610,0.7782,0.7782,0.3010,0.3010,0.7782,1.4314,1.9912,2.3579,2.5888,80
135921,1.4914,1.0792,2.1931,2.7551,1.5682,1.4150,0.3010,0.3010,0.3010,0.0000,0.0000,0.0000,0.0000,0.0000,0.0000,0.0000,0.0000,0.0000,0.0000,0.9542,0.0000,0.0000,0.0000,0.9031,0.0000,0.0000,0.0000,0.0000,0.0000,0.0000,0.0000,0.0000,0.0000,1.1461,1.2622,1.2598,3
141885,1.3424,1.0792,2.7649,3.0983,2.0374,1.7243,0.8451,0.8451,0.6021,0.0000,0.0000,0.0000,0.0000,0.0000,0.0000,0.0000,0.0000,0.0000,0.0000,1.4150,0.0000,0.0000,0.0000,1.2553,0.0000,0.0000,0.0000,0.0000,0.0000,0.0000,0.0000,0.0000,0.0000,1.0414,1.3222,1.4914,1
144273,1.6021,1.1139,2.5922,3.3147,2.4456,2.1818,0.6021,0.6021,0.4771,0.3010,3.5510,0.3010,0.3010,0.0000,0.0000,0.0000,0.0000,0.0000,0.4771,1.3802,0.0000,0.0000,0.4771,1.2788,0.0000,0.0000,0.0000,0.0000,0.0000,0.0000,0.0000,0.0000,0.4771,0.7497,1.0686,1.0596,11
144420,1.1461,0.3010,2.7059,2.8306,3.8559,3.5534,2.2553,2.1584,2.0899,1.8513,5.0099,1.8513,1.7324,4.6824,1.5315,1.5315,1.5185,0.3010,1.3424,2.7810,0.0000,0.3010,1.1461,2.5809,0.0000,1.5315,4.6824,1.5315,1.5185,1.0000,1.2041,1.5315,2.3054,2.6776,2.9309,3.1017,361
146679,1.1461,0.3010,2.7459,2.7839,3.5818,3.3591,1.8692,1.7782,2.0212,1.2553,4.0936,1.2553,1.1761,3.6198,1.0414,1.0414,1.0414,2.7731,1.0792,2.9908,0.0000,2.6284,1.0414,2.7118,0.0000,1.0414,3.6198,1.0414,1.0414,0.6021,0.7782,1.0414,1.5185,2.1139,2.3243,2.4942,81
148272,1.1461,0.3010,1.9294,3.1232,4.0349,3.7732,2.4425,2.3838,2.3464,1.7243,5.1984,1.7243,1.6335,4.6434,1.3979,1.3979,1.3979,2.0828,1.9494,2.7093,0.6021,1.9868,1.7782,2.5092,0.4771,1.3979,4.6434,1.3979,1.3979,1.0792,1.2788,1.3979,1.7404,2.1987,2.5744,2.7501,166
153591,1.2553,1.1139,2.6243,3.2550,3.2378,3.0107,1.4914,1.4771,1.5185,0.4771,4.1750,0.4771,0.4771,4.1598,0.4771,0.4771,0.4771,0.0000,0.0000,1.7634,2.2148,0.0000,0.0000,1.4914,2.1614,0.4771,4.1598,0.4771,0.4771,0.0000,0.0000,0.4771,0.6990,0.9542,1.3617,1.6435,9
161205,1.6021,1.1139,2.6096,3.1258,1.2304,1.1461,0.0000,0.0000,0.3010,0.0000,0.0000,0.0000,0.0000,0.0000,0.0000,0.0000,0.0000,0.0000,0.0000,0.6021,0.0000,0.0000,0.0000,0.6021,0.0000,0.0000,0.0000,0.0000,0.0000,0.0000,0.0000,0.0000,0.0000,0.0000,0.0000,0.4771,0
162006,1.2553,1.1139,2.3096,2.9248,2.7903,2.3927,1.3979,1.2553,1.0414,0.4771,4.0345,0.4771,0.4771,3.7935,0.4771,0.4771,0.4771,0.4771,0.6021,1.8751,0.4771,0.4771,0.3010,1.6990,0.4771,0.4771,3.7935,0.4771,0.4771,0.0000,0.3010,0.4771,0.6990,1.2788,1.6128,1.6232,21
28810,1.5798,1.0792,2.6821,2.8627,3.0770,2.7466,0.8451,0.8451,1.3010,0.6021,3.2760,0.6021,0.6021,2.9659,0.6021,0.6021,0.6021,2.4829,0.6021,1.9731,0.0000,2.2201,0.3010,1.8451,0.0000,0.6021,2.9659,0.6021,0.6021,0.0000,0.3010,0.6021,1.3424,1.6721,2.0492,2.3075,8
32869,1.5185,1.0792,2.4594,3.2889,2.1673,1.9294,0.7782,0.6990,0.4771,0.7782,4.4105,0.7782,0.6990,3.7286,0.4771,0.4771,0.4771,0.0000,0.4771,1.0792,0.3010,0.0000,0.4771,0.9542,0.3010,0.4771,3.7286,0.4771,0.4771,0.0000,0.3010,0.4771,0.7782,1.2041,1.8633,2.0294,8
38581,1.5315,1.0414,2.5065,2.3711,1.3010,1.1761,0.0000,0.0000,0.0000,0.0000,0.0000,0.0000,0.0000,0.0000,0.0000,0.0000,0.0000,0.0000,0.0000,1.0000,0.0000,0.0000,0.0000,0.7782,0.0000,0.0000,0.0000,0.0000,0.0000,0.0000,0.0000,0.0000,0.3010,1.0000,1.3979,1.6128,8.17
42301,1.2788,1.1139,2.5145,2.7966,2.6955,2.4786,1.6232,1.4314,1.2041,0.9031,3.8416,0.9031,0.9031,3.1699,0.7782,0.7782,0.7782,1.5911,1.0792,1.8062,0.0000,1.4914,1.0792,1.6902,0.0000,0.7782,3.1699,0.7782,0.7782,0.0000,0.4771,0.7782,1.3010,1.7559,2.0294,2.1818,48
53350,1.5185,1.0792,2.3424,3.3145,3.2676,3.0418,1.6532,1.5441,1.4150,0.9542,4.4167,0.9542,0.9031,3.8079,0.7782,0.7782,0.7782,2.1903,1.3979,2.6693,0.0000,2.1239,1.3617,2.4983,0.0000,0.7782,3.8079,0.7782,0.7782,0.4771,0.6990,0.7782,1.5315,1.9542,2.6937,3.1477,30
55159,1.3222,0.7782,1.9294,3.1424,3.0269,2.8235,1.2788,1.2304,1.1139,1.1461,5.0133,1.2304,0.6990,4.5662,0.9031,0.9031,0.4771,1.9085,1.0000,2.3365,0.0000,1.8325,0.9542,2.1367,0.0000,0.9031,4.5662,0.9031,0.4771,0.0000,0.0000,0.9031,1.2788,1.6721,1.9956,2.1271,13
72667,1.1461,0.3010,2.3711,3.0282,2.2718,1.9823,1.1761,1.1461,0.6990,0.4771,3.5514,0.4771,0.4771,2.9143,0.3010,0.3010,0.3010,0.0000,1.2788,1.3979,0.0000,0.0000,1.2041,1.2304,0.0000,0.3010,2.9143,0.3010,0.3010,0.0000,0.3010,0.3010,0.7782,1.0792,1.3617,1.5232,14
75871,1.6021,1.1139,2.8357,1.0000,2.3747,2.1399,0.6990,0.6990,0.6990,0.3010,3.0586,0.3010,0.3010,0.0000,0.0000,0.0000,0.0000,1.0000,0.0000,1.4314,0.0000,0.9542,0.0000,1.3222,0.0000,0.0000,0.0000,0.0000,0.0000,0.0000,0.0000,0.0000,0.6990,1.1761,1.4914,1.6232,7
88489,1.1461,0.3010,1.9294,3.1232,2.9513,2.5276,1.3424,1.1761,1.3010,0.4771,3.5159,0.4771,0.4771,3.0900,0.3010,0.3010,0.3010,1.5798,0.4771,2.3404,0.0000,1.4150,0.3010,1.9868,0.0000,0.3010,3.0900,0.3010,0.3010,0.0000,0.0000,0.3010,0.6021,0.9542,1.2230,1.3904,10
92137,1.2553,1.1139,2.3711,3.0700,1.9956,1.7404,0.6990,0.6990,0.3010,0.0000,0.0000,0.0000,0.0000,0.0000,0.0000,0.0000,0.0000,0.0000,0.0000,1.2553,0.0000,0.0000,0.0000,1.0414,0.0000,0.0000,0.0000,0.0000,0.0000,0.0000,0.0000,0.0000,0.6021,1.1139,1.2304,1.4314,3
100060,1.3424,1.0792,2.5670,3.0813,1.3617,1.0792,0.0000,0.0000,0.0000,0.0000,0.0000,0.0000,0.0000,0.0000,0.0000,0.0000,0.0000,0.0000,0.0000,0.9542,0.0000,0.0000,0.0000,0.8451,0.0000,0.0000,0.0000,0.0000,0.0000,0.0000,0.0000,0.0000,0.4771,0.5441,0.7782,0.9294,1.08
101896,1.5563,1.1461,2.0453,3.1629,2.6749,2.4425,0.4771,0.4771,0.6021,0.3010,3.5983,0.3010,0.3010,0.0000,0.0000,0.0000,0.0000,0.0000,0.0000,1.9731,0.0000,0.0000,0.0000,1.7782,0.0000,0.0000,0.0000,0.0000,0.0000,0.0000,0.0000,0.0000,0.6021,1.0000,1.3010,1.5441,0
102955,1.3424,1.0792,2.7059,3.2509,1.6812,1.5315,0.0000,0.0000,0.0000,0.0000,0.0000,0.0000,0.0000,0.0000,0.0000,0.0000,0.0000,0.0000,0.0000,1.4150,0.0000,0.0000,0.0000,1.3222,0.0000,0.0000,0.0000,0.0000,0.0000,0.0000,0.0000,0.0000,0.0000,0.4771,0.6990,1.0000,0
107446,1.3222,0.7782,2.6031,2.4082,4.0682,3.8356,1.3424,1.2553,1.7559,0.4771,3.9604,0.4771,0.4771,0.0000,0.0000,0.0000,0.0000,2.2900,1.6435,3.4113,0.7782,2.1367,1.5441,3.2538,0.3010,0.0000,0.0000,0.0000,0.0000,0.0000,0.0000,0.0000,0.9542,2.3424,2.5465,3.2263,3
105865,1.5798,1.0792,2.6821,2.1673,1.8195,1.5441,0.0000,0.0000,0.3010,0.0000,0.0000,0.0000,0.0000,0.0000,0.0000,0.0000,0.0000,1.2553,0.0000,0.6990,0.0000,1.2553,0.0000,0.6021,0.0000,0.0000,0.0000,0.0000,0.0000,0.0000,0.0000,0.0000,0.6990,1.2553,1.7709,2.0864,4
117850,1.1761,0.9031,2.7084,3.0860,1.8751,1.5315,0.4771,0.4771,0.4771,0.0000,0.0000,0.0000,0.0000,0.0000,0.0000,0.0000,0.0000,0.0000,0.3010,1.6021,0.0000,0.0000,0.3010,1.2041,0.0000,0.0000,0.0000,0.0000,0.0000,0.0000,0.0000,0.0000,0.4771,0.7782,0.9542,1.2041,3
118234,1.2553,1.1139,2.8116,2.4330,1.4914,1.0792,0.3010,0.3010,0.7782,0.0000,0.0000,0.0000,0.0000,0.0000,0.0000,0.0000,0.0000,0.0000,0.0000,0.6021,0.0000,0.0000,0.0000,0.6021,0.0000,0.0000,0.0000,0.0000,0.0000,0.0000,0.0000,0.0000,0.0000,0.0000,0.3856,0.4969,0
116314,1.4314,0.9542,2.6160,3.2206,0.5224,0.5224,0.0000,0.0000,0.0000,0.0000,0.0000,0.0000,0.0000,0.0000,0.0000,0.0000,0.0000,0.0000,0.0000,0.0000,0.0000,0.0000,0.0000,0.0000,0.0000,0.0000,0.0000,0.0000,0.0000,0.0000,0.0000,0.0000,0.3802,0.5198,0.8710,1.4962,0
124666,0.6990,1.0792,1.9445,2.9741,2.2068,1.8976,0.3010,0.3010,0.4771,0.3010,3.0757,0.3010,0.3010,2.9752,0.3010,0.3010,0.3010,1.2041,0.0000,1.3222,0.0000,1.1139,0.0000,1.2304,0.0000,0.3010,2.9752,0.3010,0.3010,0.0000,0.0000,0.3010,0.6021,0.9542,1.2788,1.4314,7
128749,1.2553,1.1139,2.8241,2.6355,3.1319,2.7738,1.6990,1.5441,1.4624,1.1461,4.9057,1.1761,1.0792,4.1697,0.6021,0.6021,0.6021,1.2304,0.3010,1.8388,0.8451,1.0414,0.3010,1.6628,0.4771,0.6021,4.1697,0.6021,0.6021,0.3010,0.3010,0.6021,1.1139,1.4472,1.7709,1.7975,14
130408,1.3617,0.6990,2.7597,2.8395,1.8062,1.7076,0.9542,0.7782,0.3010,0.0000,0.0000,0.0000,0.0000,0.0000,0.0000,0.0000,0.0000,0.0000,0.0000,1.5798,0.0000,0.0000,0.0000,1.5051,0.0000,0.0000,0.0000,0.0000,0.0000,0.0000,0.0000,0.0000,1.1761,1.7993,2.0414,2.2279,31
6572,1.4150,1.1139,2.6160,2.2430,2.7292,2.4683,1.2304,1.2041,0.9542,0.0000,0.0000,0.0000,0.0000,0.0000,0.0000,0.0000,0.0000,1.0792,0.7782,1.8865,0.0000,1.0414,0.7782,1.7853,0.0000,0.0000,0.0000,0.0000,0.0000,0.0000,0.0000,0.0000,0.6990,1.2553,1.6335,1.7559,6
11447,1.1761,0.9031,2.6263,2.7642,2.6684,2.4378,0.0000,0.0000,0.8451,0.0000,0.0000,0.0000,0.0000,0.0000,0.0000,0.0000,0.0000,0.0000,0.7782,2.0212,0.0000,0.0000,0.7782,1.8976,0.0000,0.0000,0.0000,0.0000,0.0000,0.0000,0.0000,0.0000,0.0000,1.6021,2.1206,2.2695,5
9425,1.4314,0.9542,2.2878,3.1703,2.6149,2.4330,1.0792,1.0000,0.8451,0.6021,3.3239,0.6021,0.4771,2.4477,0.3010,0.3010,0.3010,0.6021,0.4771,2.1072,0.3010,0.6021,0.4771,1.9638,0.3010,0.3010,2.4477,0.3010,0.3010,0.0000,0.3010,0.3010,1.0792,1.4624,1.7076,2.0792,25
9827,1.5185,1.0792,2.6263,3.2167,1.1761,0.9031,0.0000,0.0000,0.0000,0.0000,0.0000,0.0000,0.0000,0.0000,0.0000,0.0000,0.0000,0.0000,0.0000,1.1222,0.0000,0.0000,0.0000,0.7959,0.0000,0.0000,0.0000,0.0000,0.0000,0.0000,0.0000,0.0000,0.0000,0.6493,1.1418,1.1323,1.17
11987,1.2553,1.1139,2.7993,3.0715,1.6232,1.4150,0.0000,0.0000,0.0000,0.0000,0.0000,0.0000,0.0000,0.0000,0.0000,0.0000,0.0000,0.0000,0.0000,0.8451,0.0000,0.0000,0.0000,0.7782,0.0000,0.0000,0.0000,0.0000,0.0000,0.0000,0.0000,0.0000,0.0000,0.6911,0.9460,1.1052,0
14663,1.4314,0.9542,2.7084,2.8306,4.7271,4.4865,3.2636,3.2047,3.1855,2.5955,5.7019,2.6031,2.5328,5.4199,2.3324,2.3385,2.3243,2.3032,1.6232,3.2443,2.6435,2.1903,1.5798,3.0430,2.5250,2.2227,5.3105,2.2279,2.2122,1.5315,1.9138,2.2279,2.9624,3.2148,3.4139,3.5656,703
80528,1.1461,0.3010,0.6021,3.0477,4.4913,4.2189,2.7597,2.6893,2.6893,2.6454,5.7870,2.6580,2.5366,5.3619,2.3010,2.3243,2.2900,3.1316,1.5911,2.4639,4.0980,2.9786,1.2788,2.2175,3.9750,1.1461,4.3679,1.2788,1.1461,1.1461,1.2041,1.2788,1.8921,2.2601,2.5051,2.6807,689
143003,1.3222,0.7782,2.2529,2.5866,3.9314,3.6692,1.9243,1.8062,2.3243,1.6335,5.4318,1.6435,1.4771,4.5617,1.0414,1.0414,1.0414,3.1741,0.4771,1.9345,0.3010,3.0120,0.3010,1.6232,0.3010,1.0414,4.5617,1.0414,1.0414,0.0000,0.7782,1.0414,1.3010,1.5911,1.8865,2.0607,98
161378,1.1461,0.3010,2.6981,2.7589,4.8783,4.5775,3.2398,3.1559,3.1096,2.6637,5.8025,2.6702,2.5966,5.3268,2.2201,2.2279,2.2068,3.9145,2.5786,3.6184,0.8451,3.7309,2.3784,3.3890,0.6990,2.2201,5.3268,2.2279,2.2068,1.7076,1.9638,2.2279,3.1248,3.6078,3.8209,3.9214,2215
4044,1.2553,1.1139,2.3096,2.9248,1.9445,1.6628,0.6990,0.6990,0.4771,0.3010,3.5202,0.3010,0.3010,0.0000,0.0000,0.0000,0.0000,0.0000,0.3010,0.4771,0.0000,0.0000,0.3010,0.4771,0.0000,0.0000,0.0000,0.0000,0.0000,0.0000,0.0000,0.0000,0.0000,1.0792,1.3222,1.6532,3
16434,1.3424,1.0792,2.4857,2.7657,1.9956,1.6990,1.0792,0.4771,0.4771,0.3010,3.0454,0.3010,0.3010,0.0000,0.0000,0.0000,0.0000,0.0000,0.3010,1.1761,0.0000,0.0000,0.3010,1.1139,0.0000,0.0000,0.0000,0.0000,0.0000,0.0000,0.0000,0.0000,0.7782,1.3617,1.5051,1.6021,15
21399,1.5185,1.0792,2.6263,3.2227,3.7375,3.5661,1.8195,1.7853,2.0086,1.4314,4.6456,1.4472,1.3222,4.3867,1.2041,1.2041,1.1139,0.0000,1.0000,1.8325,3.5069,0.0000,0.9542,1.7243,3.4429,0.3010,3.0951,0.3010,0.3010,0.0000,0.0000,0.3010,1.2304,2.1818,2.5527,2.7882,37
32340,1.5185,1.0792,2.1271,2.7356,2.2810,2.0453,0.8451,0.7782,0.6990,0.0000,0.0000,0.0000,0.0000,0.0000,0.0000,0.0000,0.0000,0.0000,0.3010,1.6021,0.0000,0.0000,0.3010,1.4914,0.0000,0.0000,0.0000,0.0000,0.0000,0.0000,0.0000,0.0000,0.9031,1.2304,1.3617,1.4624,9
142614,1.5185,1.0792,2.1271,3.2947,2.3118,2.1875,0.7782,0.7782,0.6021,0.0000,0.0000,0.0000,0.0000,0.0000,0.0000,0.0000,0.0000,1.9031,0.4771,1.2788,1.0000,1.8751,0.4771,1.0414,0.9031,0.0000,0.0000,0.0000,0.0000,0.0000,0.0000,0.0000,0.3010,1.1461,1.5315,1.7559,2
142422,1.5563,1.1461,2.6972,3.1355,2.3075,2.0374,0.3010,0.3010,0.3010,0.3010,3.6921,0.3010,0.3010,0.0000,0.0000,0.0000,0.0000,0.0000,0.6021,1.4624,0.0000,0.0000,0.6021,1.4472,0.0000,0.0000,0.0000,0.0000,0.0000,0.0000,0.0000,0.0000,0.6990,1.1139,1.6021,1.8633,0
148275,1.6021,1.1139,2.2279,2.9791,2.1903,1.9590,0.6990,0.6990,0.6990,0.6021,3.2644,0.6021,0.4771,2.5474,0.3010,0.3010,0.3010,0.0000,0.8451,1.4150,0.0000,0.0000,0.6990,1.2788,0.0000,0.3010,2.5474,0.3010,0.3010,0.0000,0.0000,0.3010,1.0792,1.4643,1.7578,1.9314,24
151776,1.4314,0.9542,2.6263,3.1364,4.3628,4.0379,2.7566,2.6812,2.8096,2.1271,5.1651,2.1335,2.0492,4.8121,1.8921,1.9031,1.8865,2.3345,2.3464,3.5702,1.2788,2.2405,2.0934,3.3531,0.8451,1.8921,4.8121,1.9031,1.8865,1.3424,1.6232,1.9031,2.8692,3.2475,3.5339,3.9268,753
157848,1.2788,1.1139,2.8069,3.1248,1.4314,1.0000,0.0000,0.0000,0.0000,0.0000,0.0000,0.0000,0.0000,0.0000,0.0000,0.0000,0.0000,0.0000,0.3010,0.7782,0.0000,0.0000,0.3010,0.6021,0.0000,0.0000,0.0000,0.0000,0.0000,0.0000,0.0000,0.0000,0.0000,0.3010,0.6990,0.7543,0
161340,1.1461,0.3010,2.6981,2.7589,3.1159,2.8370,1.7853,1.7404,1.4472,0.6990,3.4399,0.6990,0.6990,3.2938,0.6021,0.6021,0.6021,0.3010,1.3222,2.2529,0.0000,0.3010,1.1761,2.0294,0.0000,0.6021,3.2938,0.6021,0.6021,0.3010,0.6021,0.6021,1.2041,1.7324,2.0170,2.2553,46
161238,1.3424,1.0792,2.7649,3.2989,4.6097,4.4270,2.6693,2.6375,2.9823,1.6128,5.0225,1.6232,1.6128,4.4522,1.1139,1.1139,1.1139,1.4314,1.7482,2.6542,0.8451,1.2553,1.3979,2.5011,0.7782,1.1139,4.4522,1.1139,1.1139,0.6990,1.0000,1.1139,1.4771,2.0607,2.4742,2.7101,35
162744,1.3424,1.0792,2.6263,2.3820,1.7160,1.5563,0.6021,0.6021,0.6990,0.6021,3.8758,0.6021,0.6021,3.5712,0.6021,0.6021,0.4771,0.0000,0.0000,0.0000,0.0000,0.0000,0.0000,0.0000,0.0000,0.6021,3.5712,0.6021,0.4771,0.3010,0.6021,0.6021,0.7782,1.1761,1.2986,1.3531,17
13282,1.2788,1.1139,2.5809,1.6902,3.7825,3.4856,1.3979,1.3424,2.3284,0.6021,3.6343,0.6021,0.6021,2.8099,0.3010,0.3010,0.3010,2.5899,1.9031,2.9666,0.3010,2.4133,1.7924,2.7952,0.3010,0.3010,2.8099,0.3010,0.3010,0.0000,0.0000,0.3010,1.4314,2.4082,2.7938,2.9850,69
39436,1.5185,1.0792,2.3711,2.4871,2.5353,2.3655,0.9542,0.9542,0.6990,0.0000,0.0000,0.0000,0.0000,0.0000,0.0000,0.0000,0.0000,1.1139,0.0000,2.1106,0.0000,1.0414,0.0000,2.0294,0.0000,0.0000,0.0000,0.0000,0.0000,0.0000,0.0000,0.0000,0.7782,1.5051,1.9191,2.1461,13
41158,1.5563,1.1461,1.9294,3.3141,3.0693,2.7987,1.1139,1.0792,0.8451,0.3010,3.1416,0.3010,0.3010,0.0000,0.0000,0.0000,0.0000,0.0000,0.8451,2.5302,0.3010,0.0000,0.6021,2.3010,0.3010,0.0000,0.0000,0.0000,0.0000,0.0000,0.0000,0.0000,1.1139,1.8808,2.1673,2.2648,3
42004,1.3424,1.0792,2.7084,3.0318,2.0719,1.8573,0.6990,0.4771,0.4771,0.0000,0.0000,0.0000,0.0000,0.0000,0.0000,0.0000,0.0000,0.0000,0.3010,1.8573,0.0000,0.0000,0.3010,1.6435,0.0000,0.0000,0.0000,0.0000,0.0000,0.0000,0.0000,0.0000,0.3010,1.0792,1.2788,1.3617,5
59590,1.1461,0.3010,2.7042,3.3105,1.8921,1.6902,0.6990,0.3010,0.3010,0.4771,4.0622,0.4771,0.3010,4.0120,0.4771,0.4771,0.3010,0.0000,0.3010,1.3424,0.0000,0.0000,0.3010,1.3010,0.0000,0.4771,4.0120,0.4771,0.3010,0.0000,0.0000,0.4771,0.7782,0.9031,0.9542,1.1461,1
58630,1.2553,1.1139,2.7993,2.3909,1.6902,1.5051,0.0000,0.0000,0.0000,0.0000,0.0000,0.0000,0.0000,0.0000,0.0000,0.0000,0.0000,0.0000,0.0000,0.9542,0.0000,0.0000,0.0000,0.6021,0.0000,0.0000,0.0000,0.0000,0.0000,0.0000,0.0000,0.0000,0.0000,0.6021,1.0000,1.0792,2
59596,1.5185,1.0792,2.3424,3.3145,2.5119,2.2601,1.0000,0.9542,0.8451,0.3010,3.5436,0.3010,0.3010,3.1177,0.3010,0.3010,0.3010,1.7924,0.4771,1.5185,0.0000,1.6812,0.4771,1.4314,0.0000,0.3010,3.1177,0.3010,0.3010,0.3010,0.3010,0.3010,0.8451,1.3222,1.5315,1.8573,8
60604,1.4914,1.0792,2.4757,2.9987,2.6964,2.1072,0.0000,0.0000,0.3010,0.3010,3.2904,0.3010,0.3010,0.0000,0.0000,0.0000,0.0000,0.0000,0.3010,2.6684,0.0000,0.0000,0.3010,2.0453,0.0000,0.0000,0.0000,0.0000,0.0000,0.0000,0.0000,0.0000,0.4771,0.9542,1.2788,1.5051,8
61540,1.3802,0.6990,2.0453,2.9633,1.6335,1.4472,0.3010,0.3010,0.3010,0.0000,0.0000,0.0000,0.0000,0.0000,0.0000,0.0000,0.0000,0.3010,0.3010,1.3617,0.0000,0.3010,0.3010,1.1139,0.0000,0.0000,0.0000,0.0000,0.0000,0.0000,0.0000,0.0000,0.6021,1.0000,1.2395,1.4074,2
66811,1.6021,1.1139,2.6263,2.9015,1.3979,1.2041,0.0000,0.0000,0.0000,0.0000,0.0000,0.0000,0.0000,0.0000,0.0000,0.0000,0.0000,0.0000,0.0000,0.6021,0.0000,0.0000,0.0000,0.6021,0.0000,0.0000,0.0000,0.0000,0.0000,0.0000,0.0000,0.0000,0.4771,0.6990,0.9031,0.9542,2.15
65236,1.6021,1.1139,2.6243,3.2550,2.6405,2.3636,0.4771,0.4771,0.9031,0.3010,3.3348,0.3010,0.3010,0.0000,0.0000,0.0000,0.0000,0.0000,0.4771,1.8513,0.0000,0.0000,0.4771,1.6812,0.0000,0.0000,0.0000,0.0000,0.0000,0.0000,0.0000,0.0000,0.4771,1.0792,1.2304,1.3010,2
66220,1.5185,1.0792,2.3096,2.9053,1.2041,1.1139,0.0000,0.0000,0.0000,0.0000,0.0000,0.0000,0.0000,0.0000,0.0000,0.0000,0.0000,0.6990,0.0000,0.7782,0.0000,0.6990,0.0000,0.7782,0.0000,0.0000,0.0000,0.0000,0.0000,0.0000,0.0000,0.0000,0.0000,0.6990,1.2553,1.3979,2.15
64477,1.2788,1.1139,2.4857,2.8325,1.5682,1.4771,0.0000,0.0000,0.0000,0.0000,0.0000,0.0000,0.0000,0.0000,0.0000,0.0000,0.0000,0.0000,0.0000,1.3424,0.0000,0.0000,0.0000,1.2788,0.0000,0.0000,0.0000,0.0000,0.0000,0.0000,0.0000,0.0000,0.6021,0.7782,0.9031,1.0000,1.08
75388,0.6990,1.0792,1.9445,1.9823,1.5051,1.3617,0.6021,0.4771,0.3010,0.3010,2.9135,0.3010,0.3010,2.8451,0.3010,0.3010,0.3010,0.0000,0.0000,1.2553,0.0000,0.0000,0.0000,1.1139,0.0000,0.3010,2.8451,0.3010,0.3010,0.0000,0.0000,0.3010,0.4771,0.9294,1.1844,1.3508,3
75742,1.1461,0.3010,2.7348,3.2266,3.2188,2.9647,1.6812,1.6232,1.7076,0.3010,3.6374,0.3010,0.3010,0.0000,0.0000,0.0000,0.0000,0.3010,0.8451,2.5490,1.1761,0.3010,0.7782,2.3160,1.1461,0.0000,0.0000,0.0000,0.0000,0.0000,0.0000,0.0000,0.6990,0.9675,0.9881,1.1489,11
78541,0.9031,1.1139,2.6243,3.2550,2.2553,2.1761,0.4771,0.4771,0.6990,0.0000,0.0000,0.0000,0.0000,0.0000,0.0000,0.0000,0.0000,2.1644,0.0000,0.8451,0.0000,2.1139,0.0000,0.7782,0.0000,0.0000,0.0000,0.0000,0.0000,0.0000,0.0000,0.0000,0.3010,1.0686,1.3508,1.5204,0
75706,1.5798,1.0792,1.8751,3.0737,2.6812,2.3345,0.4771,0.4771,1.2553,0.6021,3.0066,0.6021,0.4771,2.5869,0.4771,0.4771,0.4771,0.0000,0.7782,1.5682,0.0000,0.0000,0.6021,1.4624,0.0000,0.4771,2.5869,0.4771,0.4771,0.3010,0.4771,0.4771,1.1139,1.3424,1.5911,1.8921,11
92188,1.6021,1.1139,2.3096,3.1937,3.5586,3.3292,1.5682,1.5185,1.8451,1.2041,4.5980,1.2041,1.1761,4.0482,1.0792,1.0792,1.0792,1.9085,2.1173,3.0686,0.0000,1.8692,1.9345,2.9836,0.0000,1.0792,4.0482,1.0792,1.0792,0.9031,1.0414,1.0792,1.6990,2.0792,2.2304,2.2601,33
92536,1.6021,1.1139,2.2279,2.5999,1.5051,1.3424,0.0000,0.0000,0.0000,0.0000,0.0000,0.0000,0.0000,0.0000,0.0000,0.0000,0.0000,0.0000,0.0000,0.9031,0.0000,0.0000,0.0000,0.9031,0.0000,0.0000,0.0000,0.0000,0.0000,0.0000,0.0000,0.0000,0.3010,0.3010,0.4771,0.6021,0
91402,0.6990,1.0792,2.3483,3.0052,1.4065,0.9031,0.0000,0.0000,0.0000,0.0000,0.0000,0.0000,0.0000,0.0000,0.0000,0.0000,0.0000,0.0000,0.0000,0.0000,0.0000,0.0000,0.0000,0.0000,0.0000,0.0000,0.0000,0.0000,0.0000,0.0000,0.0000,0.0000,0.4771,0.6767,0.9294,1.0881,2.8
96025,1.2553,1.1139,2.7084,2.8306,1.7076,1.4914,0.0000,0.0000,0.6990,0.0000,0.0000,0.0000,0.0000,0.0000,0.0000,0.0000,0.0000,0.0000,0.0000,0.6021,0.0000,0.0000,0.0000,0.6021,0.0000,0.0000,0.0000,0.0000,0.0000,0.0000,0.0000,0.0000,0.0000,0.3010,0.6990,0.6990,1
106714,1.5185,1.0792,2.6263,3.2997,2.5855,2.3692,1.3222,1.2788,1.1461,0.6021,3.6591,0.6021,0.6021,3.4209,0.4771,0.4771,0.4771,0.0000,0.3010,1.8808,0.0000,0.0000,0.3010,1.7076,0.0000,0.4771,3.4209,0.4771,0.4771,0.3010,0.4771,0.4771,0.8451,1.5051,1.9031,2.1173,14
118249,1.3617,0.6990,2.7597,2.8395,1.7404,1.4314,0.0000,0.0000,0.6021,0.0000,0.0000,0.0000,0.0000,0.0000,0.0000,0.0000,0.0000,0.0000,0.0000,0.6021,0.0000,0.0000,0.0000,0.6021,0.0000,0.0000,0.0000,0.0000,0.0000,0.0000,0.0000,0.0000,0.0000,0.0000,0.0000,0.0000,1
116248,1.1761,0.9031,1.4314,3.1427,2.1903,1.9138,0.6990,0.6990,0.7782,0.4771,3.5974,0.4771,0.4771,3.0711,0.3010,0.3010,0.3010,0.0000,0.3010,1.4150,0.0000,0.0000,0.3010,1.3424,0.0000,0.3010,3.0711,0.3010,0.3010,0.0000,0.0000,0.3010,0.6990,1.2788,1.6128,1.9138,4
117691,1.5185,1.0792,2.3096,2.9248,3.0261,2.7419,1.5563,1.4314,1.3424,0.7782,4.2059,0.7782,0.7782,3.9250,0.7782,0.7782,0.7782,1.9777,0.9542,2.2355,0.4771,1.8633,0.8451,1.9445,0.4771,0.7782,3.9250,0.7782,0.7782,0.4771,0.6021,0.7782,1.3979,1.5185,1.9912,2.4183,22
119596,1.5798,1.0792,1.8751,3.0737,2.6794,2.3345,0.4771,0.4771,1.2553,0.3010,2.4969,0.3010,0.3010,2.2260,0.3010,0.3010,0.3010,0.0000,0.7782,1.5682,0.0000,0.0000,0.6021,1.4624,0.0000,0.3010,2.2260,0.3010,0.3010,0.0000,0.0000,0.3010,0.4771,0.6990,1.2041,1.5682,5
129166,1.6021,1.1139,2.6160,3.1758,1.1761,0.9731,0.3802,0.3802,0.0000,0.0000,0.0000,0.0000,0.0000,0.0000,0.0000,0.0000,0.0000,0.0000,0.0000,0.3802,0.0000,0.0000,0.0000,0.3802,0.0000,0.0000,0.0000,0.0000,0.0000,0.0000,0.0000,0.0000,0.0000,0.6243,0.7110,1.1553,0
14207,1.6021,1.1139,2.6263,1.7709,2.6609,2.4914,1.1461,1.1461,0.6021,0.6021,3.0920,0.6021,0.4771,2.4606,0.3010,0.3010,0.3010,2.3181,0.0000,1.9345,0.0000,2.1903,0.0000,1.8195,0.0000,0.3010,2.4606,0.3010,0.3010,0.3010,0.3010,0.3010,1.1461,1.6628,2.1335,2.4969,18
16241,1.3424,1.0792,2.4857,2.8325,2.6425,2.4232,0.8451,0.8451,0.7782,0.3010,2.8498,0.3010,0.3010,2.4818,0.3010,0.3010,0.3010,0.0000,1.0000,2.0899,0.0000,0.0000,1.0000,2.0043,0.0000,0.3010,2.4818,0.3010,0.3010,0.0000,0.3010,0.3010,1.6021,2.1461,2.5922,2.6503,36
15413,1.3979,0.8451,2.6981,3.1821,1.2388,1.1761,0.0000,0.0000,0.0000,0.0000,0.0000,0.0000,0.0000,0.0000,0.0000,0.0000,0.0000,0.0000,0.0000,0.9031,0.0000,0.0000,0.0000,0.8344,0.0000,0.0000,0.0000,0.0000,0.0000,0.0000,0.0000,0.0000,0.0000,0.0000,0.0000,0.0000,0
83405,1.2788,1.1139,2.5809,1.6902,3.7784,3.4802,1.4472,1.4150,2.2577,0.6021,3.6594,0.6021,0.6021,3.1802,0.4771,0.4771,0.4771,2.5740,1.7782,2.9499,0.3010,2.3909,1.6335,2.7701,0.3010,0.4771,3.1802,0.4771,0.4771,0.3010,0.4771,0.4771,1.4472,2.3766,2.8319,3.0864,89
130397,1.6021,1.1139,2.6263,2.8209,2.4983,2.2810,0.6990,0.6021,0.8451,0.4771,3.5221,0.4771,0.3010,2.6137,0.3010,0.3010,0.3010,0.0000,0.3010,1.9912,0.0000,0.0000,0.3010,1.8808,0.0000,0.3010,2.6137,0.3010,0.3010,0.3010,0.3010,0.3010,0.9031,1.7076,2.3579,2.6857,5
114176,1.3424,1.0792,2.6263,3.1550,0.9031,0.9031,0.0000,0.0000,0.0000,0.0000,0.0000,0.0000,0.0000,0.0000,0.0000,0.0000,0.0000,0.0000,0.0000,0.9031,0.0000,0.0000,0.0000,0.9031,0.0000,0.0000,0.0000,0.0000,0.0000,0.0000,0.0000,0.0000,0.0000,0.4409,0.5315,0.6493,0
3654,1.0000,0.6990,2.7084,0.8451,1.4771,1.3010,0.6990,0.6990,0.3010,0.0000,0.0000,0.0000,0.0000,0.0000,0.0000,0.0000,0.0000,0.0000,0.0000,1.0414,0.0000,0.0000,0.0000,0.9542,0.0000,0.0000,0.0000,0.0000,0.0000,0.0000,0.0000,0.0000,0.8451,1.5185,1.8692,2.0374,5
16632,1.4314,0.9542,2.7059,2.8306,3.7442,3.4265,2.0414,1.9685,2.1492,1.8573,4.9478,1.8633,1.7709,4.7339,1.6721,1.6812,1.6628,0.3010,1.0000,2.1732,3.0438,0.3010,0.8451,1.9031,2.8921,1.1139,4.1682,1.1139,1.1139,0.0000,0.0000,1.1139,1.9777,2.2753,2.5752,2.7509,264
17199,1.2553,1.1139,2.3096,3.2960,1.2087,1.0607,0.0000,0.0000,0.0000,0.0000,0.0000,0.0000,0.0000,0.0000,0.0000,0.0000,0.0000,0.5224,0.0000,0.8344,0.0000,0.5224,0.0000,0.6532,0.0000,0.0000,0.0000,0.0000,0.0000,0.0000,0.0000,0.0000,0.0000,0.3160,0.6839,0.8287,1.17
24018,1.2553,1.1139,2.3096,3.2960,0.7959,0.6532,0.0000,0.0000,0.0000,0.0000,0.0000,0.0000,0.0000,0.0000,0.0000,0.0000,0.0000,0.0000,0.0000,0.0000,0.0000,0.0000,0.0000,0.0000,0.0000,0.0000,0.0000,0.0000,0.0000,0.0000,0.0000,0.0000,0.0000,0.3979,0.4183,0.5353,0
23799,1.4914,1.0792,2.1931,2.7551,1.7993,1.4472,0.3010,0.3010,0.3010,0.3010,3.5384,0.3010,0.3010,3.3149,0.3010,0.3010,0.3010,0.0000,0.6021,0.8451,0.0000,0.0000,0.3010,0.8451,0.0000,0.3010,3.3149,0.3010,0.3010,0.0000,0.3010,0.3010,0.3010,0.9542,1.3424,1.5911,3
24867,1.2788,1.1139,2.0531,1.3979,1.3649,1.0141,0.3365,0.3365,0.0000,0.0000,0.0000,0.0000,0.0000,0.0000,0.0000,0.0000,0.0000,0.0000,0.0000,0.5224,0.0000,0.0000,0.0000,0.5224,0.0000,0.0000,0.0000,0.0000,0.0000,0.0000,0.0000,0.0000,0.0000,0.3075,0.4814,0.4871,0
28881,1.2788,1.1139,2.8069,3.1248,1.3424,0.9542,0.4771,0.4771,0.0000,0.0000,0.0000,0.0000,0.0000,0.0000,0.0000,0.0000,0.0000,0.0000,0.3010,0.6990,0.0000,0.0000,0.3010,0.6021,0.0000,0.0000,0.0000,0.0000,0.0000,0.0000,0.0000,0.0000,0.0000,0.4771,0.6990,0.8351,2.15
28887,1.3617,0.6990,2.8075,3.1113,2.3365,2.0414,0.3010,0.3010,0.6990,0.3010,2.7192,0.3010,0.3010,2.2224,0.3010,0.3010,0.3010,0.3010,1.1139,1.5051,0.0000,0.3010,1.0414,1.4771,0.0000,0.3010,2.2224,0.3010,0.3010,0.0000,0.0000,0.3010,1.2788,1.5563,2.0969,2.4015,9
31491,1.6021,1.1139,2.3424,3.3145,2.2175,2.0000,0.3010,0.3010,0.4771,0.0000,0.0000,0.0000,0.0000,0.0000,0.0000,0.0000,0.0000,0.0000,0.0000,1.6990,0.0000,0.0000,0.0000,1.5185,0.0000,0.0000,0.0000,0.0000,0.0000,0.0000,0.0000,0.0000,0.6021,1.2041,1.6335,1.9191,3
32439,1.5185,1.0792,2.4594,3.0755,1.5563,1.4314,0.0000,0.0000,0.3010,0.0000,0.0000,0.0000,0.0000,0.0000,0.0000,0.0000,0.0000,0.0000,0.0000,0.7782,0.6021,0.0000,0.0000,0.7782,0.6021,0.0000,0.0000,0.0000,0.0000,0.0000,0.0000,0.0000,0.0000,0.0000,0.3010,0.4771,0
132570,1.5185,1.0792,2.1271,3.2947,2.6990,2.4031,0.9542,0.9031,0.9031,0.0000,0.0000,0.0000,0.0000,0.0000,0.0000,0.0000,0.0000,1.7324,0.4771,1.7482,1.1139,1.5798,0.3010,1.6128,1.0792,0.0000,0.0000,0.0000,0.0000,0.0000,0.0000,0.0000,0.8451,1.8129,2.2856,2.4900,5
135963,1.2553,1.1139,2.6243,3.2550,2.6749,2.4969,0.8451,0.8451,1.0792,0.3010,3.8200,0.3010,0.3010,0.0000,0.0000,0.0000,0.0000,0.6021,0.0000,1.0792,2.1106,0.6021,0.0000,0.9031,2.0294,0.0000,0.0000,0.0000,0.0000,0.0000,0.0000,0.0000,0.0000,0.6990,0.9031,1.0000,0
147390,1.5798,1.0792,2.6821,3.2690,2.5428,2.2833,0.8451,0.8451,0.6021,0.7782,3.4841,0.7782,0.7782,3.1788,0.7782,0.7782,0.7782,0.0000,0.3010,1.9912,0.0000,0.0000,0.3010,1.8808,0.0000,0.7782,3.1788,0.7782,0.7782,0.0000,0.3010,0.7782,1.0000,1.6021,1.8195,2.0645,5
149961,1.5798,1.0792,2.6821,3.1901,4.3422,4.0239,1.7709,1.6335,2.5132,1.4624,4.2692,1.4914,1.4472,3.8507,1.4150,1.4314,1.4150,2.5159,2.0719,3.5603,0.6990,2.3181,1.9345,3.3804,0.6021,1.4150,3.8507,1.4314,1.4150,0.4771,1.0792,1.4314,2.2878,2.7536,3.1274,3.3263,76
152949,1.3424,1.0792,2.6263,2.3945,2.5340,2.2810,1.0792,1.0414,0.6021,0.6021,3.9001,0.6021,0.4771,3.2850,0.3010,0.3010,0.3010,0.0000,0.6990,1.2788,0.0000,0.0000,0.6990,1.1761,0.0000,0.3010,3.2850,0.3010,0.3010,0.0000,0.3010,0.3010,1.1461,1.5911,2.0569,2.4983,8
160626,1.5798,1.0792,2.4757,2.9987,2.0212,1.6902,0.4771,0.4771,0.6021,0.6021,2.9890,0.6021,0.6021,2.4524,0.6021,0.6021,0.6021,0.3010,0.0000,1.3222,0.0000,0.3010,0.0000,1.2553,0.0000,0.6021,2.4524,0.6021,0.6021,0.0000,0.6021,0.6021,0.9031,0.9542,1.2304,1.4771,4
161850,1.6021,1.1139,2.6243,3.2550,2.8222,2.5922,0.7782,0.7782,1.2041,0.0000,0.0000,0.0000,0.0000,0.0000,0.0000,0.0000,0.0000,0.4771,0.0000,2.2355,0.0000,0.4771,0.0000,1.9777,0.0000,0.0000,0.0000,0.0000,0.0000,0.0000,0.0000,0.0000,0.4771,0.9031,1.1761,1.2041,2
165345,1.4314,0.9542,2.2878,3.1703,3.5807,3.3300,2.1004,2.0453,2.1004,1.3617,4.9307,1.3617,1.3222,4.1976,1.3010,1.3010,1.2788,2.6964,1.5315,2.8488,0.3010,2.5899,1.4624,2.6749,0.3010,1.3010,4.1976,1.3010,1.2788,0.8451,1.1139,1.3010,1.9085,2.3365,2.5999,2.7686,85
166581,1.5185,1.0792,2.3541,3.1096,2.3711,2.1139,0.6990,0.6990,0.6021,0.0000,0.0000,0.0000,0.0000,0.0000,0.0000,0.0000,0.0000,0.0000,0.0000,1.4914,0.0000,0.0000,0.0000,1.4314,0.0000,0.0000,0.0000,0.0000,0.0000,0.0000,0.0000,0.0000,0.3010,0.9031,1.1461,1.3460,1
35299,0.6990,1.0792,2.6263,3.3245,4.2385,3.9930,1.8808,1.8388,2.4843,1.3222,4.1930,1.3222,1.2553,3.8711,1.2041,1.2041,1.2041,2.6180,1.8808,3.3870,0.4771,2.4624,1.6812,3.2410,0.4771,1.2041,3.8711,1.2041,1.2041,0.6021,0.9031,1.2041,2.2430,2.7490,3.1339,3.4031,78
36223,1.6021,1.1139,2.3424,3.2276,1.6902,1.3802,0.3010,0.3010,0.3010,0.0000,0.0000,0.0000,0.0000,0.0000,0.0000,0.0000,0.0000,0.0000,0.3010,0.8451,0.0000,0.0000,0.3010,0.6990,0.0000,0.0000,0.0000,0.0000,0.0000,0.0000,0.0000,0.0000,0.6021,0.6021,0.7782,1.0000,3
36046,0.6990,1.0792,2.7084,3.2577,1.8451,1.7160,0.0000,0.0000,0.0000,0.3010,2.7873,0.3010,0.3010,0.0000,0.0000,0.0000,0.0000,0.0000,0.0000,1.4150,0.0000,0.0000,0.0000,1.3802,0.0000,0.0000,0.0000,0.0000,0.0000,0.0000,0.0000,0.0000,0.6021,1.1761,1.6021,2.0000,9
44815,1.2553,1.1139,2.3096,2.9053,0.6532,0.6532,0.0000,0.0000,0.0000,0.0000,0.0000,0.0000,0.0000,0.0000,0.0000,0.0000,0.0000,0.0000,0.0000,0.0000,0.0000,0.0000,0.0000,0.0000,0.0000,0.0000,0.0000,0.0000,0.0000,0.0000,0.0000,0.0000,0.0000,0.0000,0.3385,0.3522,1.4
50485,1.5798,1.0792,2.6821,2.8287,0.9731,0.9731,0.0000,0.0000,0.3802,0.0000,0.0000,0.0000,0.0000,0.0000,0.0000,0.0000,0.0000,0.0000,0.0000,0.3802,0.0000,0.0000,0.0000,0.3802,0.0000,0.0000,0.0000,0.0000,0.0000,0.0000,0.0000,0.0000,0.8344,1.1741,1.6957,2.0316,3
52381,1.5185,1.0792,2.6263,3.2256,0.9731,0.9031,0.3802,0.3802,0.0000,0.3802,3.2909,0.3802,0.3802,2.9835,0.3802,0.3802,0.3802,0.0000,0.0000,0.0000,0.0000,0.0000,0.0000,0.0000,0.0000,0.3802,2.9835,0.3802,0.3802,0.3010,0.3522,0.3802,0.3365,0.5079,0.4928,0.7235,0
61102,1.6021,1.1139,2.3096,2.4472,2.0492,1.8388,0.6021,0.6021,0.4771,0.3010,3.3399,0.3010,0.3010,2.8300,0.3010,0.3010,0.3010,0.0000,0.0000,1.7243,0.0000,0.0000,0.0000,1.5682,0.0000,0.3010,2.8300,0.3010,0.3010,0.3010,0.3010,0.3010,0.3010,0.6021,1.2041,1.4314,0
64381,1.3424,1.0792,2.7796,2.9090,2.8149,2.5563,1.3979,1.3010,0.9542,0.6021,3.5507,0.6021,0.6021,2.9844,0.4771,0.4771,0.4771,0.0000,0.6021,2.0719,0.0000,0.0000,0.6021,1.9085,0.0000,0.4771,2.9844,0.4771,0.4771,0.0000,0.0000,0.4771,1.7160,2.1703,2.4857,2.6749,22
72136,1.3424,1.0792,2.7084,3.2909,3.0645,2.8116,1.5563,1.4771,1.2304,0.9542,4.0301,0.9542,0.9031,3.7984,0.7782,0.7782,0.7782,0.0000,0.7782,2.4713,0.9031,0.0000,0.6021,2.2878,0.8451,0.7782,3.7984,0.7782,0.7782,0.3010,0.3010,0.7782,1.4150,2.2833,2.6981,2.9863,41
71449,1.3617,0.6990,1.6232,3.1467,1.8129,1.6628,0.0000,0.0000,0.4771,0.3010,2.0096,0.3010,0.3010,2.0096,0.3010,0.3010,0.3010,0.0000,0.0000,1.2788,0.0000,0.0000,0.0000,1.1139,0.0000,0.3010,2.0096,0.3010,0.3010,0.0000,0.0000,0.3010,0.4771,1.0792,1.3010,1.5051,0
79531,1.4150,1.1139,2.6263,3.3189,2.6972,2.4031,1.1139,1.1139,1.0414,0.3010,3.6515,0.3010,0.3010,3.3302,0.3010,0.3010,0.3010,0.0000,0.6021,1.7709,0.0000,0.0000,0.6021,1.6232,0.0000,0.3010,3.3302,0.3010,0.3010,0.3010,0.3010,0.3010,0.9031,1.2788,1.4024,1.5726,10
85339,1.6021,1.1139,2.6096,3.1258,1.5563,1.3010,0.0000,0.0000,0.4771,0.3010,2.4405,0.3010,0.3010,2.4084,0.3010,0.3010,0.3010,0.0000,0.0000,0.9542,0.0000,0.0000,0.0000,0.9542,0.0000,0.3010,2.4084,0.3010,0.3010,0.3010,0.3010,0.3010,0.4771,0.7782,1.0414,1.0792,0
92098,1.5563,1.1461,1.9294,3.1430,2.3424,2.1523,0.6990,0.6990,0.4771,0.0000,0.0000,0.0000,0.0000,0.0000,0.0000,0.0000,0.0000,0.0000,1.0414,1.8261,0.0000,0.0000,1.0414,1.6721,0.0000,0.0000,0.0000,0.0000,0.0000,0.0000,0.0000,0.0000,0.0000,0.9542,1.2170,1.3844,3
94666,1.3424,1.0792,2.1931,2.7551,1.9345,1.6335,0.0000,0.0000,0.0000,0.0000,0.0000,0.0000,0.0000,0.0000,0.0000,0.0000,0.0000,0.0000,0.0000,1.3222,0.0000,0.0000,0.0000,1.2041,0.0000,0.0000,0.0000,0.0000,0.0000,0.0000,0.0000,0.0000,0.0000,0.6021,1.1139,1.2304,0
100840,1.2553,1.1139,2.3096,3.1937,1.0414,1.0414,0.4771,0.3010,0.3010,0.0000,0.0000,0.0000,0.0000,0.0000,0.0000,0.0000,0.0000,0.0000,0.0000,0.4771,0.0000,0.0000,0.0000,0.4771,0.0000,0.0000,0.0000,0.0000,0.0000,0.0000,0.0000,0.0000,0.0000,0.0000,0.0000,0.0000,3
99802,1.5798,1.0792,2.6821,3.2030,2.2967,1.9638,0.8451,0.8451,0.6021,0.4771,2.7831,0.4771,0.4771,2.5603,0.4771,0.4771,0.4771,0.0000,0.4771,1.2788,0.0000,0.0000,0.4771,1.2041,0.0000,0.4771,2.5603,0.4771,0.4771,0.0000,0.3010,0.4771,1.4150,2.0212,2.5922,2.8814,21
106057,1.1761,0.9031,2.8235,3.1075,1.0864,1.0334,0.0000,0.0000,0.0000,0.0000,0.0000,0.0000,0.0000,0.0000,0.0000,0.0000,0.0000,0.0000,0.0000,0.8195,0.0000,0.0000,0.0000,0.8195,0.0000,0.0000,0.0000,0.0000,0.0000,0.0000,0.0000,0.0000,0.0000,0.0000,0.0000,0.8756,1.56
110617,1.3222,0.7782,2.6031,3.2973,0.3802,0.3802,0.0000,0.0000,0.0000,0.0000,0.0000,0.0000,0.0000,0.0000,0.0000,0.0000,0.0000,0.0000,0.0000,0.0000,0.0000,0.0000,0.0000,0.0000,0.0000,0.0000,0.0000,0.0000,0.0000,0.0000,0.0000,0.0000,0.0000,0.0000,0.0000,0.4871,0
114811,1.6021,1.1139,2.2279,2.9159,1.0334,0.9031,0.0000,0.0000,0.0000,0.0000,0.0000,0.0000,0.0000,0.0000,0.0000,0.0000,0.0000,0.0000,0.0000,0.3802,0.0000,0.0000,0.0000,0.3802,0.0000,0.0000,0.0000,0.0000,0.0000,0.0000,0.0000,0.0000,0.0000,0.8035,1.1898,1.4074,0
120586,1.1461,0.3010,2.6160,3.1706,3.9289,3.6057,2.2601,2.1818,2.1847,1.1461,5.4586,1.1461,1.0792,4.8206,0.9031,0.9031,0.8451,3.2395,1.3617,2.9400,1.5185,3.0469,1.2788,2.7474,1.4624,0.9031,4.8206,0.9031,0.8451,0.6021,0.7782,0.9031,1.5185,1.9138,2.1935,2.3686,41
121597,1.5315,1.0414,2.8657,3.3118,2.8899,2.7284,0.7782,0.7782,1.2304,0.0000,0.0000,0.0000,0.0000,0.0000,0.0000,0.0000,0.0000,1.3802,0.0000,1.7634,0.0000,1.3617,0.0000,1.6532,0.0000,0.0000,0.0000,0.0000,0.0000,0.0000,0.0000,0.0000,0.7782,1.4150,1.8062,1.8573,23
120397,0.6990,1.0792,1.9445,1.9823,1.8808,1.7482,0.8451,0.8451,0.3010,0.0000,0.0000,0.0000,0.0000,0.0000,0.0000,0.0000,0.0000,0.0000,0.0000,1.3979,0.0000,0.0000,0.0000,1.3802,0.0000,0.0000,0.0000,0.0000,0.0000,0.0000,0.0000,0.0000,0.6990,1.3617,1.6532,1.8261,4
130168,1.4914,1.0792,2.1931,3.0310,1.2553,1.2041,0.0000,0.0000,0.0000,0.0000,0.0000,0.0000,0.0000,0.0000,0.0000,0.0000,0.0000,0.0000,0.0000,1.0792,0.0000,0.0000,0.0000,1.0414,0.0000,0.0000,0.0000,0.0000,0.0000,0.0000,0.0000,0.0000,0.0000,0.7782,1.3617,1.5185,1
84923,1.1461,0.3010,2.7084,2.8306,4.1504,3.8976,2.4942,2.4456,2.4857,1.7404,4.7605,1.7482,1.6628,4.5353,1.5315,1.5315,1.5185,0.3010,1.5051,3.3160,1.1139,0.3010,1.3617,3.1242,0.9031,1.5315,4.5353,1.5315,1.5185,1.3010,1.3979,1.5315,2.1584,2.7672,3.0120,3.1212,623
111401,1.5185,1.0792,2.6263,3.1550,2.6107,2.3962,0.9031,0.9031,0.9542,0.3010,3.1379,0.3010,0.3010,2.8178,0.3010,0.3010,0.3010,0.0000,0.0000,1.8388,0.3010,0.0000,0.0000,1.7924,0.3010,0.3010,2.8178,0.3010,0.3010,0.0000,0.0000,0.3010,1.2788,1.6628,1.9590,2.1335,8
105932,1.6021,1.1139,2.3096,2.9248,3.1682,2.9138,1.3424,1.3424,1.3802,1.0000,4.3023,1.0000,1.0000,3.9328,0.9542,0.9542,0.9542,2.2175,1.0414,2.4533,0.0000,2.1430,0.9031,2.2405,0.0000,0.9542,3.9328,0.9542,0.9542,0.6990,0.6990,0.9542,1.3617,1.7853,2.0755,2.2833,21
143867,1.3222,0.7782,2.6031,3.1106,3.3681,3.2175,1.0792,1.0792,1.3424,0.6021,3.8944,0.6021,0.6021,3.4174,0.3010,0.3010,0.3010,2.0253,1.5185,2.6990,0.0000,1.8513,1.4472,2.5855,0.0000,0.3010,3.4174,0.3010,0.3010,0.0000,0.3010,0.3010,1.2041,1.6128,1.9243,2.1553,6
154800,1.5185,1.0792,2.6263,3.2185,0.0000,0.0000,0.0000,0.0000,0.0000,0.0000,0.0000,0.0000,0.0000,0.0000,0.0000,0.0000,0.0000,0.0000,0.0000,0.0000,0.0000,0.0000,0.0000,0.0000,0.0000,0.0000,0.0000,0.0000,0.0000,0.0000,0.0000,0.0000,0.0000,0.0000,0.0000,0.0000,0
12104,0.9031,1.1139,2.6263,2.7235,0.0000,0.0000,0.0000,0.0000,0.0000,0.0000,0.0000,0.0000,0.0000,0.0000,0.0000,0.0000,0.0000,0.0000,0.0000,0.0000,0.0000,0.0000,0.0000,0.0000,0.0000,0.0000,0.0000,0.0000,0.0000,0.0000,0.0000,0.0000,0.0000,0.0000,0.0000,0.0000,0
103261,1.6021,1.1139,2.6243,3.2550,0.0000,0.0000,0.0000,0.0000,0.0000,0.0000,0.0000,0.0000,0.0000,0.0000,0.0000,0.0000,0.0000,0.0000,0.0000,0.0000,0.0000,0.0000,0.0000,0.0000,0.0000,0.0000,0.0000,0.0000,0.0000,0.1173,0.1790,0.2355,0.3874,0.6117,0.0000,1.2907,0
11921,1.0414,0.6021,2.6263,3.1364,0.0000,0.0000,0.0000,0.0000,0.0000,0.0000,0.0000,0.0000,0.0000,0.0000,0.0000,0.0000,0.0000,0.0000,0.0000,0.0000,0.0000,0.0000,0.0000,0.0000,0.0000,0.0000,0.0000,0.0000,0.0000,0.0000,0.0000,0.0000,0.0000,0.0000,0.0000,0.0000,0
57079,1.1761,0.9031,2.7084,2.8306,0.0000,0.0000,0.0000,0.0000,0.0000,0.0000,0.0000,0.0000,0.0000,0.0000,0.0000,0.0000,0.0000,0.0000,0.0000,0.0000,0.0000,0.0000,0.0000,0.0000,0.0000,0.0000,0.0000,0.0000,0.0000,0.0000,0.0000,0.0000,0.0000,0.0000,0.0000,0.0000,0
102811,1.2788,1.1139,2.6160,2.2430,0.0000,0.0000,0.0000,0.0000,0.0000,0.0000,0.0000,0.0000,0.0000,0.0000,0.0000,0.0000,0.0000,0.0000,0.0000,0.0000,0.0000,0.0000,0.0000,0.0000,0.0000,0.0000,0.0000,0.0000,0.0000,0.0000,0.0000,0.0000,0.0000,0.0000,0.0000,0.0000,0
81034,1.3424,1.0792,2.7993,3.1870,0.0000,0.0000,0.0000,0.0000,0.0000,0.0000,0.0000,0.0000,0.0000,0.0000,0.0000,0.0000,0.0000,0.0000,0.0000,0.0000,0.0000,0.0000,0.0000,0.0000,0.0000,0.0000,0.0000,0.0000,0.0000,0.0294,0.0492,0.0682,0.1271,0.0000,0.6191,0.4533,0
109129,1.5185,1.0792,2.7993,3.0715,0.0000,0.0000,0.0000,0.0000,0.0000,0.0000,0.0000,0.0000,0.0000,0.0000,0.0000,0.0000,0.0000,0.0000,0.0000,0.0000,0.0000,0.0000,0.0000,0.0000,0.0000,0.0000,0.0000,0.0000,0.0000,1.0000,1.2041,1.3424,1.6335,1.9590,2.2577,2.4330,0
161685,1.5563,1.1461,2.0792,3.1572,0.0000,0.0000,0.0000,0.0000,0.0000,0.0000,0.0000,0.0000,0.0000,0.0000,0.0000,0.0000,0.0000,0.0000,0.0000,0.0000,0.0000,0.0000,0.0000,0.0000,0.0000,0.0000,0.0000,0.0000,0.0000,0.1903,0.2810,0.3579,0.6990,0.7938,1.0099,1.0607,0
